,Company,Station_ID,city,Country,Station Latitude,Station Longitute,Other_Charging_Station_Nearby_Flag,station_competitor,Shell_FL_1,Shell_FL_2,Shell_FL_3,Shell_FL_4,Shell_FL_5,Shell_FL_6,Shell_FL_7,Shell_FL_8,Shell_FL_9,Shell_FL_10,Chevron_FL_1,Chevron_FL_2,Chevron_FL_3,Chevron_FL_4,Chevron_FL_5,Shell_CLB_1,Shell_CLB_2,Shell_CLB_3,Shell_CLB_4,Shell_CLB_5,Shell_CLB_6,Shell_CLB_7,Shell_CLB_8,Shell_CLB_9,Shell_CLB_10,Shell_CLB_11,Shell_CLB_12,Shell_CLB_13,Shell_CLB_14,Shell_CLB_15,Shell_CLB_16,Shell_CLB_17,Shell_CLB_18,Shell_CLB_19,Shell_CLB_20,BP_CLB_1,BP_CLB_2,BP_CLB_3,BP_CLB_4,BP_CLB_5,BP_CLB_6,Shell_SD_1,Shell_SD_2,Shell_SD_3,Shell_SD_4,Shell_SD_5,Shell_SD_6,Shell_SD_7,Shell_SD_8,Shell_SD_9,Shell_SD_10,BP_SD_01,Chevron_SD_01,Chevron_SD_02,Chevron_SD_03,Chevron_SD_04,Chevron_SD_05,Chevron_SD_06,Chevron_SD_07,Shell_Ala_01,Shell_Ala_02,Shell_Ala_03,Shell_Ala_04,Shell_Ala_05,Shell_Ala_06,Shell_Ala_07,Shell_Ala_08,Shell_Ala_09,BP_Ala_01,BP_Ala_02,BP_Ala_03,BP_Ala_04,Chevron_Ata_01,Chevron_Ata_02,Chevron_Ata_03,Chevron_Ata_04,Shell_Aus_01,Shell_Aus_02,Shell_Aus_03,Shell_Aus_04,Shell_Aus_05,Shell_Aus_06,Shell_Aus_07,Shell_Aus_08,Chevron_Aus_01,Chevron_Aus_02,Chevron_Aus_03,Chevron_Aus_04,Shell_DC_01,Shell_DC_02,Shell_DC_03,Shell_DC_04,Shell_DC_05,Shell_DC_06,Shell_DC_07,Shell_DC_08,BP_DC_01,BP_DC_02,BP_DC_03,Shell_SM_01,Shell_SM_02,Shell_SM_03,Chevron_SM_01,Chevron_SM_02,Chevron_SM_03,Arco_SM_01
0,Shell,Shell_FL_1,Fort Lauderdale,USA,26.209148,-80.146341,2,2,0,1.96,8.54,6.83,8.6,8.19,8.21,11.21,10.84,13.73,3.7,2.57,4.99,11.28,12.86,1571.66,1568.98,1565.66,1565.09,1564.68,1562.43,1561.9,1557.03,1557.63,1556.25,1556.44,1552.11,1550.53,1549.56,1549.25,1548.63,1550.13,1549.27,1546.26,1546.54,1572,1572,1555.34,1551.88,1552.13,1541.73,3644.05,3634.97,3631.46,3638.74,3636.76,3643.79,3643.01,3636.34,3632.04,3615.78,3630.04,3633.44,3636.01,3623.23,3641.17,3633.33,3632.29,3624.62,944.87,944.16,938.98,934.17,934.98,931.63,939.85,933.59,926.23,949.96,947.19,940.38,932.01,945.31,940.19,927.46,926.16,1782.82,1773.1,1780.54,1784.25,1772.74,1778.73,1785.12,1785.37,1789.81,1779.66,1783.83,1783.12,1448.42,1446.02,1445.28,1428.78,1442.16,1441.63,1438.97,1432.85,1448,1443.62,1438.94,3762.73,3764.15,3765.29,3765.58,3768.57,3765.52,3764.62
1,Shell,Shell_FL_2,Fort Lauderdale,USA,26.19313,-80.154581,2,2,1.96,0,6.69,5.71,6.64,6.37,6.75,9.5,9.19,11.77,4.51,2.6,3.98,9.63,11.19,1573.29,1570.61,1567.3,1566.72,1566.31,1564.06,1563.54,1558.65,1559.26,1557.88,1558.06,1553.74,1552.16,1551.19,1550.89,1550.27,1551.75,1550.9,1547.89,1548.18,1573.63,1573.63,1556.96,1553.51,1553.76,1543.36,3643.91,3634.83,3631.31,3638.59,3636.62,3643.64,3642.87,3636.19,3631.89,3615.62,3629.88,3633.31,3635.87,3623.08,3641.02,3633.18,3632.14,3624.46,946.15,945.43,940.25,935.44,936.24,932.9,941.1,934.84,927.49,951.24,948.46,941.66,933.28,946.61,941.45,928.73,927.42,1782.63,1772.91,1780.34,1784.05,1772.54,1778.52,1784.9,1785.16,1789.63,1779.47,1783.63,1782.91,1450.32,1447.93,1447.19,1430.65,1444.07,1443.54,1440.87,1434.75,1449.9,1445.52,1440.85,3762.66,3764.08,3765.22,3765.51,3768.5,3765.44,3764.54
2,Shell,Shell_FL_3,Fort Lauderdale,USA,26.151533,-80.20299,1,2,8.54,6.69,0,8.36,2.93,5.24,7.58,7.68,7.94,6.21,10.79,8.72,7.89,8.19,9.26,1577.13,1574.41,1571.12,1570.56,1570.1,1567.89,1567.37,1562.47,1563.08,1561.7,1561.83,1557.54,1555.97,1555.02,1554.74,1554.13,1555.53,1554.7,1551.71,1552.03,1577.47,1577.47,1560.73,1557.33,1557.6,1547.16,3641.04,3631.95,3628.43,3635.7,3633.72,3640.75,3639.96,3633.28,3628.97,3612.68,3626.93,3630.44,3632.97,3620.19,3638.12,3630.28,3629.22,3621.52,948.39,947.63,942.44,937.64,938.39,935.09,943.21,936.92,929.64,953.49,950.65,943.89,935.47,948.91,943.56,930.95,929.58,1779.6,1769.89,1777.29,1780.97,1769.47,1775.44,1781.79,1782.05,1786.63,1776.43,1780.55,1779.79,1455.78,1453.37,1452.64,1435.88,1449.52,1449.01,1446.35,1440.22,1455.36,1450.99,1446.33,3760,3761.41,3762.55,3762.85,3765.83,3762.77,3761.87
3,Shell,Shell_FL_4,Fort Lauderdale,USA,26.152766,-80.119219,2,2,6.83,5.71,8.36,0,6.14,3.91,2,5.48,4.85,10.31,5.48,4.51,1.84,5.27,6.76,1578.27,1575.61,1572.28,1571.71,1571.31,1569.05,1568.52,1563.65,1564.25,1562.87,1563.07,1558.73,1557.15,1556.17,1555.86,1555.23,1556.76,1555.9,1552.88,1553.15,1578.62,1578.62,1561.97,1558.5,1558.74,1548.35,3648.81,3639.72,3636.2,3643.48,3641.5,3648.53,3647.74,3641.06,3636.76,3620.48,3634.73,3638.2,3640.75,3627.96,3645.9,3638.06,3637.01,3629.32,951.7,950.99,945.8,940.99,941.8,938.45,946.67,940.41,933.05,956.79,954.01,947.21,938.83,952.14,947.02,934.28,932.99,1787.44,1777.73,1785.15,1788.84,1777.33,1783.31,1789.67,1789.93,1794.46,1784.27,1788.42,1787.68,1454.07,1451.69,1450.94,1434.64,1447.82,1447.27,1444.6,1438.49,1453.65,1449.26,1444.58,3767.65,3769.07,3770.21,3770.5,3773.49,3770.43,3769.53
4,Shell,Shell_FL_5,Fort Lauderdale,USA,26.137356,-80.17827,1,2,8.6,6.64,2.93,6.14,0,2.47,4.94,4.78,5.01,5.14,9.84,7.89,6.23,5.28,6.42,1579.06,1576.36,1573.06,1572.49,1572.05,1569.82,1569.31,1564.41,1565.02,1563.64,1563.79,1559.49,1557.91,1556.95,1556.66,1556.05,1557.48,1556.65,1553.65,1553.95,1579.4,1579.4,1562.69,1559.27,1559.53,1549.1,3643.91,3634.82,3631.29,3638.57,3636.59,3643.61,3642.82,3636.14,3631.83,3615.54,3629.79,3633.31,3635.84,3623.05,3640.98,3633.14,3632.09,3624.38,950.84,950.08,944.89,940.1,940.86,937.54,945.68,939.41,932.11,955.94,953.1,946.33,937.93,951.34,946.04,933.4,932.05,1782.46,1772.74,1780.14,1783.82,1772.32,1778.28,1784.64,1784.89,1789.48,1779.28,1783.4,1782.64,1456.86,1454.46,1453.72,1437.11,1450.6,1450.08,1447.41,1441.29,1456.44,1452.06,1447.39,3762.88,3764.3,3765.43,3765.73,3768.72,3765.66,3764.76
5,Shell,Shell_FL_6,Fort Lauderdale,USA,26.135815,-80.153551,1,2,8.19,6.37,5.24,3.91,2.47,0,2.47,3.23,3.13,6.48,8.48,6.78,4.52,3.52,4.98,1579.61,1576.92,1573.61,1573.04,1572.62,1570.37,1569.85,1564.96,1565.57,1564.19,1564.36,1560.05,1558.47,1557.5,1557.2,1556.59,1558.05,1557.21,1554.2,1554.49,1579.95,1579.95,1563.26,1559.82,1560.07,1549.66,3646.28,3637.19,3633.66,3640.94,3638.96,3645.98,3645.19,3638.51,3634.2,3617.91,3632.17,3635.67,3638.21,3625.42,3643.35,3635.51,3634.46,3626.76,952,951.27,946.08,941.28,942.06,938.73,946.9,940.63,933.31,957.1,954.29,947.5,939.11,952.49,947.25,934.57,933.24,1784.84,1775.13,1782.53,1786.21,1774.7,1780.67,1787.03,1787.28,1791.86,1781.66,1785.79,1785.03,1456.56,1454.17,1453.43,1436.96,1450.31,1449.77,1447.11,1440.99,1456.14,1451.76,1447.08,3765.22,3766.64,3767.78,3768.07,3771.06,3768,3767.1
6,Shell,Shell_FL_7,Fort Lauderdale,USA,26.137014,-80.128832,1,2,8.21,6.75,7.58,2,4.94,2.47,0,3.48,2.89,8.51,7.4,6.17,3.47,3.32,4.85,1579.85,1577.18,1573.86,1573.29,1572.88,1570.63,1570.1,1565.22,1565.83,1564.45,1564.64,1560.31,1558.72,1557.75,1557.44,1556.82,1558.33,1557.47,1554.45,1554.73,1580.2,1580.2,1563.54,1560.08,1560.32,1549.93,3648.53,3639.45,3635.92,3643.2,3641.22,3648.25,3647.45,3640.78,3636.47,3620.18,3634.44,3637.93,3640.47,3627.68,3645.61,3637.78,3636.73,3629.03,952.9,952.17,946.99,942.18,942.98,939.64,947.84,941.57,934.23,957.99,955.2,948.4,940.02,953.36,948.18,935.47,934.17,1787.12,1777.41,1784.81,1788.5,1776.99,1782.96,1789.32,1789.58,1794.14,1783.95,1788.08,1787.32,1455.97,1453.58,1452.84,1436.5,1449.72,1449.17,1446.5,1440.39,1455.55,1451.16,1446.48,3767.45,3768.86,3770,3770.3,3773.28,3770.22,3769.32
7,Shell,Shell_FL_8,Fort Lauderdale,USA,26.108347,-80.142908,2,2,11.21,9.5,7.68,5.48,4.78,3.23,3.48,0,0.74,5.93,10.85,9.47,6.86,0.62,1.75,1582.79,1580.1,1576.79,1576.22,1575.8,1573.56,1573.03,1568.15,1568.76,1567.38,1567.55,1563.23,1561.65,1560.68,1560.38,1559.76,1561.24,1560.39,1557.38,1557.67,1583.13,1583.13,1566.45,1563.01,1563.26,1552.85,3648.36,3639.27,3635.74,3643.01,3641.03,3648.06,3647.26,3640.58,3636.27,3619.96,3634.22,3637.76,3640.28,3627.49,3645.42,3637.58,3636.52,3628.81,955.22,954.49,949.3,944.5,945.27,941.95,950.11,943.84,936.52,960.32,957.51,950.72,942.33,955.71,950.46,937.79,936.46,1786.86,1777.15,1784.54,1788.21,1776.71,1782.67,1789.02,1789.27,1793.89,1783.68,1787.79,1787.01,1459.36,1456.98,1456.23,1439.84,1453.11,1452.57,1449.9,1443.79,1458.95,1454.56,1449.88,3767.39,3768.81,3769.94,3770.24,3773.22,3770.16,3769.26
8,Shell,Shell_FL_9,Fort Lauderdale,USA,26.112046,-80.136729,2,2,10.84,9.19,7.94,4.85,5.01,3.13,2.89,0.74,0,6.63,10.28,8.98,6.33,0.45,2.02,1582.47,1579.8,1576.48,1575.91,1575.49,1573.25,1572.72,1567.84,1568.45,1567.07,1567.25,1562.92,1561.34,1560.37,1560.07,1559.45,1560.93,1560.08,1557.07,1557.36,1582.82,1582.82,1566.15,1562.7,1562.94,1552.54,3648.79,3639.7,3636.17,3643.44,3641.46,3648.49,3647.69,3641.01,3636.7,3620.4,3634.65,3638.18,3640.71,3627.93,3645.85,3638.01,3636.96,3629.25,955.1,954.37,949.18,944.38,945.16,941.83,950,943.73,936.41,960.2,957.39,950.6,942.21,955.58,950.35,937.67,936.35,1787.31,1777.59,1784.98,1788.66,1777.16,1783.12,1789.47,1789.72,1794.33,1784.12,1788.24,1787.47,1458.84,1456.46,1455.71,1439.36,1452.59,1452.05,1449.38,1443.26,1458.43,1454.04,1449.36,3767.8,3769.21,3770.35,3770.64,3773.63,3770.57,3769.67
9,Shell,Shell_FL_10,Fort Lauderdale,USA,26.095706,-80.200587,1,2,13.73,11.77,6.21,10.31,5.14,6.48,8.51,5.93,6.63,0,14.81,12.95,10.96,6.52,6.45,1583.3,1580.58,1577.29,1576.73,1576.27,1574.06,1573.55,1568.64,1569.25,1567.87,1568,1563.71,1562.14,1561.19,1560.91,1560.31,1561.69,1560.87,1557.88,1558.2,1583.64,1583.64,1566.89,1563.51,1563.78,1553.33,3643.48,3634.38,3630.85,3638.12,3636.14,3643.16,3642.36,3635.68,3631.36,3615.05,3629.3,3632.88,3635.39,3622.6,3640.52,3632.68,3631.62,3623.9,954.16,953.38,948.19,943.4,944.13,940.84,948.93,942.64,935.39,959.27,956.4,949.65,941.22,954.71,949.28,936.71,935.32,1781.91,1772.2,1779.57,1783.22,1771.73,1777.68,1784.02,1784.27,1788.95,1778.71,1782.81,1782.01,1461.83,1459.43,1458.69,1442,1455.57,1455.05,1452.39,1446.27,1461.41,1457.03,1452.37,3762.63,3764.04,3765.17,3765.47,3768.46,3765.4,3764.5
10,Chevron,Chevron_FL_1,Fort Lauderdale,USA,26.201414,-80.110293,1,2,3.7,4.51,10.79,5.48,9.84,8.48,7.4,10.85,10.28,14.81,0,2.07,4.02,10.71,12.23,1573.06,1570.42,1567.08,1566.5,1566.12,1563.85,1563.31,1558.45,1559.05,1557.67,1557.89,1553.54,1551.95,1550.97,1550.65,1550.02,1551.57,1550.7,1547.68,1547.94,1573.41,1573.41,1556.79,1553.3,1553.53,1543.16,3647.71,3638.64,3635.12,3642.41,3640.43,3647.46,3646.69,3640.01,3635.71,3619.45,3633.71,3637.11,3639.68,3626.89,3644.84,3637,3635.97,3628.29,947.15,946.46,941.28,936.46,937.29,933.93,942.18,935.94,928.54,952.23,949.49,942.66,934.3,947.56,942.53,929.74,928.48,1786.5,1776.78,1784.22,1787.93,1776.42,1782.41,1788.8,1789.05,1793.49,1783.34,1787.52,1786.81,1448.59,1446.21,1445.46,1429.16,1442.34,1441.79,1439.12,1433.01,1448.17,1443.78,1439.1,3766.38,3767.8,3768.94,3769.23,3772.22,3769.17,3768.27
11,Chevron,Chevron_FL_2,Fort Lauderdale,USA,26.19248,-80.128489,1,2,2.57,2.6,8.72,4.51,7.89,6.78,6.17,9.47,8.98,12.95,2.07,0,2.72,9.43,10.99,1573.76,1571.1,1567.77,1567.2,1566.8,1564.54,1564.01,1559.14,1559.74,1558.36,1558.57,1554.22,1552.64,1551.66,1551.35,1550.73,1552.25,1551.39,1548.37,1548.64,1574.11,1574.11,1557.46,1553.99,1554.23,1543.84,3646.37,3637.29,3633.78,3641.06,3639.08,3646.11,3645.33,3638.65,3634.35,3618.09,3632.35,3635.76,3638.33,3625.54,3643.49,3635.65,3634.61,3626.93,947.3,946.59,941.41,936.6,937.41,934.06,942.29,936.04,928.66,952.38,949.62,942.8,934.44,947.73,942.64,929.88,928.6,1785.11,1775.4,1782.83,1786.53,1775.02,1781.01,1787.39,1787.65,1792.11,1781.95,1786.12,1785.4,1449.9,1447.52,1446.77,1430.38,1443.65,1443.11,1440.44,1434.33,1449.49,1445.1,1440.42,3765.09,3766.51,3767.65,3767.94,3770.93,3767.87,3766.97
12,Chevron,Chevron_FL_3,Fort Lauderdale,USA,26.16814,-80.126085,2,2,4.99,3.98,7.89,1.84,6.23,4.52,3.47,6.86,6.33,10.96,4.02,2.72,0,6.77,8.32,1576.48,1573.81,1570.49,1569.91,1569.51,1567.25,1566.72,1561.85,1562.45,1561.08,1561.27,1556.93,1555.35,1554.38,1554.06,1553.44,1554.96,1554.1,1551.08,1551.36,1576.82,1576.82,1560.17,1556.7,1556.94,1546.55,3647.56,3638.47,3634.96,3642.23,3640.26,3647.28,3646.5,3639.82,3635.52,3619.25,3633.5,3636.95,3639.51,3626.72,3644.66,3636.82,3635.78,3628.09,949.86,949.15,943.96,939.15,939.96,936.61,944.83,938.58,931.21,954.95,952.17,945.37,936.99,950.3,945.18,932.44,931.15,1786.23,1776.52,1783.94,1787.63,1776.13,1782.11,1788.48,1788.73,1793.24,1783.06,1787.22,1786.48,1452.52,1450.13,1449.38,1433.03,1446.26,1445.72,1443.05,1436.94,1452.1,1447.71,1443.03,3766.36,3767.78,3768.92,3769.21,3772.19,3769.14,3768.24
13,Chevron,Chevron_FL_4,Fort Lauderdale,USA,26.108039,-80.136728,2,1,11.28,9.63,8.19,5.27,5.28,3.52,3.32,0.62,0.45,6.52,10.71,9.43,6.77,0,1.58,1582.91,1580.24,1576.92,1576.35,1575.93,1573.69,1573.16,1568.28,1568.89,1567.51,1567.69,1563.36,1561.78,1560.81,1560.51,1559.89,1561.37,1560.52,1557.51,1557.8,1583.26,1583.26,1566.59,1563.14,1563.38,1552.98,3648.95,3639.85,3636.33,3643.6,3641.62,3648.64,3647.85,3641.17,3636.86,3620.56,3634.81,3638.34,3640.87,3628.08,3646.01,3638.17,3637.11,3629.4,955.51,954.77,949.59,944.78,945.56,942.23,950.41,944.14,936.81,960.6,957.8,951.01,942.62,955.99,950.76,938.08,936.75,1787.46,1777.74,1785.13,1788.8,1777.3,1783.26,1789.61,1789.86,1794.48,1784.27,1788.38,1787.61,1459.28,1456.9,1456.15,1439.8,1453.03,1452.49,1449.82,1443.7,1458.87,1454.47,1449.79,3767.97,3769.39,3770.52,3770.82,3773.8,3770.75,3769.84
14,Chevron,Chevron_FL_5,Fort Lauderdale,USA,26.093856,-80.136042,2,1,12.86,11.19,9.26,6.76,6.42,4.98,4.85,1.75,2.02,6.45,12.23,10.99,8.32,1.58,0,1584.48,1581.8,1578.49,1577.92,1577.5,1575.26,1574.73,1569.85,1570.45,1569.08,1569.25,1564.93,1563.35,1562.38,1562.08,1561.46,1562.94,1562.09,1559.08,1559.37,1584.83,1584.83,1568.15,1564.7,1564.95,1554.55,3649.58,3640.48,3636.95,3644.22,3642.24,3649.27,3648.46,3641.79,3637.47,3621.17,3635.42,3638.97,3641.49,3628.71,3646.63,3638.79,3637.73,3630.02,956.97,956.24,951.05,946.25,947.02,943.7,951.86,945.59,938.27,962.07,959.26,952.48,944.08,957.46,952.21,939.54,938.21,1788.05,1778.34,1785.72,1789.38,1777.89,1783.84,1790.18,1790.44,1795.08,1784.86,1788.96,1788.18,1460.82,1458.43,1457.68,1441.35,1454.56,1454.02,1451.35,1445.24,1460.4,1456.01,1451.33,3768.65,3770.06,3771.2,3771.49,3774.48,3771.42,3770.52
15,Shell,Shell_CLB_1,Columbus,USA,40.147476,-82.964487,1,2,1571.66,1573.29,1577.13,1578.27,1579.06,1579.61,1579.85,1582.79,1582.47,1583.3,1573.06,1573.76,1576.48,1582.91,1584.48,0,11.79,7.22,6.9,14.24,9.92,9.79,16.27,14.93,16.55,24.33,21.58,22.21,22.24,22.77,24.02,27.63,24.77,25.86,25.28,2.18,2.18,25.16,20.35,19.55,31.32,3143.09,3137.5,3136.51,3144.13,3143.63,3149.69,3152.71,3146.98,3144.91,3136.64,3150.29,3133.36,3141.46,3130.89,3149.87,3142.84,3145.17,3143.22,708.18,712.29,716.94,719.58,723.31,722.9,723.77,730.69,730.17,702.67,710.53,712.47,722.48,701.95,722.94,724.1,730.03,1720.48,1714.73,1725.99,1733.66,1724.72,1732.87,1742.01,1741.92,1719.75,1722.63,1733.35,1741.67,527.63,522.35,526.48,448.61,525.94,531.08,533.22,532.45,525.32,529.15,533.35,3197.63,3199.88,3201.55,3201.26,3203.82,3201.66,3201.17
16,Shell,Shell_CLB_2,Columbus,USA,40.104752,-83.091453,1,2,1568.98,1570.61,1574.41,1575.61,1576.36,1576.92,1577.18,1580.1,1579.8,1580.58,1570.42,1571.1,1573.81,1580.24,1581.8,11.79,0,8.15,10.13,4.4,10.2,12.8,12.72,13,13.82,14.63,17.03,19.02,21.39,25.06,27.31,19.75,19.73,23.65,26.59,9.82,9.82,15.67,18.34,20.82,27.34,3132,3126.4,3125.4,3133.02,3132.52,3138.58,3141.6,3135.86,3133.78,3125.49,3139.14,3122.27,3130.35,3119.77,3138.76,3131.72,3134.04,3132.07,701.6,705.64,710.33,713.03,716.67,716.34,717.02,723.95,723.6,696.06,703.85,705.9,715.92,695.48,716.19,717.62,723.46,1708.9,1703.15,1714.41,1722.08,1713.15,1721.31,1730.44,1730.35,1708.15,1711.05,1721.77,1730.1,537.19,531.87,535.99,457.74,535.42,540.55,542.67,541.81,534.87,538.65,542.79,3186.76,3189.01,3190.68,3190.4,3192.96,3190.79,3190.3
17,Shell,Shell_CLB_3,Columbus,USA,40.087886,-82.99822,2,2,1565.66,1567.3,1571.12,1572.28,1573.06,1573.61,1573.86,1576.79,1576.48,1577.29,1567.08,1567.77,1570.49,1576.92,1578.49,7.22,8.15,0,1.99,8.43,3.26,4.96,9.18,8.11,9.63,17.56,14.49,15.4,16.18,18.28,20.17,20.44,17.66,19.43,20.31,6.61,6.61,18.29,13.8,14.37,24.5,3139.79,3134.18,3133.18,3140.8,3140.3,3146.36,3149.37,3143.63,3141.55,3133.23,3146.9,3130.05,3138.13,3127.54,3146.53,3139.49,3141.8,3139.82,701.14,705.24,709.9,712.55,716.27,715.87,716.7,723.62,723.13,695.62,703.48,705.43,715.45,694.93,715.87,717.08,722.99,1714.37,1708.6,1719.87,1727.53,1718.57,1726.73,1735.87,1735.79,1713.66,1716.51,1727.22,1735.53,529.04,523.72,527.85,449.6,527.27,532.41,534.52,533.66,526.73,530.5,534.64,3194.67,3196.92,3198.58,3198.3,3200.86,3198.69,3198.2
18,Shell,Shell_CLB_4,Columbus,USA,40.085958,-82.974915,2,2,1565.09,1566.72,1570.56,1571.71,1572.49,1573.04,1573.29,1576.22,1575.91,1576.73,1566.5,1567.2,1569.91,1576.35,1577.92,6.9,10.13,1.99,0,10.29,3.07,3.45,9.49,8.04,9.68,18.93,14.76,15.31,15.54,16.99,18.71,21.31,17.95,19.04,19.2,6.91,6.91,19.6,13.48,13.29,24.42,3141.75,3136.15,3135.14,3142.76,3142.26,3148.32,3151.33,3145.59,3143.51,3135.19,3148.86,3132.02,3140.09,3129.51,3148.49,3141.46,3143.76,3141.78,701.3,705.4,710.06,712.69,716.43,716.01,716.89,723.81,723.28,695.78,703.65,705.58,715.59,695.06,716.06,717.21,723.14,1715.89,1710.11,1721.38,1729.04,1720.08,1728.24,1737.38,1737.29,1715.19,1718.02,1728.73,1737.03,527.06,521.74,525.86,447.63,525.29,530.42,532.54,531.68,524.74,528.52,532.66,3196.65,3198.89,3200.56,3200.28,3202.84,3200.67,3200.18
19,Shell,Shell_CLB_5,Columbus,USA,40.065173,-83.092716,1,2,1564.68,1566.31,1570.1,1571.31,1572.05,1572.62,1572.88,1575.8,1575.49,1576.27,1566.12,1566.8,1569.51,1575.93,1577.5,14.24,4.4,8.43,10.29,0,9.03,11.92,9.29,10.12,10.53,10.55,12.98,15.19,18.06,22.49,24.97,15.37,15.51,19.88,23.65,12.61,12.61,11.53,14.86,18.17,23.16,3131.6,3125.99,3124.98,3132.6,3132.1,3138.16,3141.17,3135.42,3133.34,3125.01,3138.68,3121.86,3129.93,3119.34,3138.33,3131.29,3133.59,3131.61,697.24,701.29,705.98,708.67,712.32,711.99,712.67,719.6,719.25,691.71,699.5,701.55,711.57,691.11,711.85,713.26,719.11,1706.31,1700.55,1711.82,1719.48,1710.54,1718.69,1727.83,1727.74,1705.59,1708.46,1719.17,1727.49,536.42,531.08,535.2,456.73,534.6,539.73,541.82,540.92,534.1,537.84,541.95,3186.59,3188.84,3190.51,3190.22,3192.79,3190.62,3190.12
20,Shell,Shell_CLB_6,Columbus,USA,40.059927,-82.986883,1,2,1562.43,1564.06,1567.89,1569.05,1569.82,1570.37,1570.63,1573.56,1573.25,1574.06,1563.85,1564.54,1567.25,1573.69,1575.26,9.92,10.2,3.26,3.07,9.03,0,2.89,6.42,5.02,6.63,16.43,11.69,12.32,12.93,15.24,17.29,18.37,14.88,16.22,17.16,9.69,9.69,17.01,10.61,11.21,21.45,3140.55,3134.94,3133.92,3141.54,3141.04,3147.11,3150.11,3144.36,3142.28,3133.94,3147.61,3130.81,3138.87,3128.28,3147.27,3140.23,3142.53,3140.54,698.26,702.37,707.02,709.66,713.39,712.98,713.85,720.77,720.25,692.75,700.61,702.55,712.56,692.04,713.02,714.18,720.11,1713.42,1707.63,1718.9,1726.56,1717.59,1725.75,1734.89,1734.81,1712.73,1715.55,1726.25,1734.55,527.47,522.14,526.26,447.87,525.67,530.8,532.9,532.01,525.16,528.91,533.03,3195.59,3197.84,3199.5,3199.22,3201.79,3199.62,3199.12
21,Shell,Shell_CLB_7,Columbus,USA,40.059927,-82.952867,1,2,1561.9,1563.54,1567.37,1568.52,1569.31,1569.85,1570.1,1573.03,1572.72,1573.55,1563.31,1564.01,1566.72,1573.16,1574.73,9.79,12.8,4.96,3.45,11.92,2.89,0,7.98,6.07,7.72,18.94,12.86,12.87,12.46,13.54,15.29,20.25,15.98,16.17,15.79,10.19,10.19,19.44,10.79,9.91,21.86,3143.44,3137.82,3136.81,3144.43,3143.93,3149.99,3152.99,3147.25,3145.16,3136.83,3150.5,3133.7,3141.76,3131.17,3150.16,3143.12,3145.42,3143.43,698.8,702.92,707.57,710.19,713.95,713.51,714.44,721.35,720.78,693.29,701.18,703.08,713.09,692.54,713.61,714.69,720.64,1715.82,1710.02,1721.29,1728.95,1719.97,1728.14,1737.27,1737.19,1715.13,1717.94,1728.64,1736.93,524.64,519.31,523.43,445.07,522.84,527.97,530.07,529.19,522.32,526.08,530.2,3198.49,3200.73,3202.4,3202.12,3204.68,3202.51,3202.02
22,Shell,Shell_CLB_8,Columbus,USA,40.006388,-83.015228,2,2,1557.03,1558.65,1562.47,1563.65,1564.41,1564.96,1565.22,1568.15,1567.84,1568.64,1558.45,1559.14,1561.85,1568.28,1569.85,16.27,12.72,9.18,9.49,9.29,6.42,7.98,0,2.09,1.31,11.82,5.32,6.5,8.78,13.55,16.2,12.28,8.5,10.99,14.43,15.78,15.78,12.09,5.64,9.27,15.45,3137.76,3132.13,3131.11,3138.73,3138.22,3144.29,3147.28,3141.53,3139.43,3131.06,3144.74,3128.01,3136.06,3125.45,3144.45,3137.4,3139.69,3137.67,691.97,696.06,700.73,703.37,707.09,706.69,707.54,714.45,713.96,686.45,694.31,696.26,706.27,685.76,706.7,707.9,713.82,1708.08,1702.28,1713.55,1721.21,1712.22,1720.38,1729.52,1729.44,1707.4,1710.2,1720.89,1729.17,528.7,523.34,527.45,448.74,526.82,531.95,534.01,533.05,526.38,530.08,534.14,3193.11,3195.35,3197.02,3196.74,3199.31,3197.13,3196.63
23,Shell,Shell_CLB_9,Columbus,USA,40.015071,-82.993496,2,2,1557.63,1559.26,1563.08,1564.25,1565.02,1565.57,1565.83,1568.76,1568.45,1569.25,1559.05,1559.74,1562.45,1568.89,1570.45,14.93,13,8.11,8.04,10.12,5.02,6.07,2.09,0,1.67,13.86,6.83,7.31,8.49,12.37,14.89,14.29,9.99,11.38,13.63,14.67,14.67,14.16,5.76,8.06,16.43,3139.67,3134.04,3133.02,3140.64,3140.13,3146.21,3149.19,3143.44,3141.35,3132.98,3146.66,3129.92,3137.97,3127.37,3146.36,3139.31,3141.6,3139.59,693.26,697.36,702.02,704.66,708.39,707.97,708.85,715.77,715.24,687.74,695.61,697.54,707.55,687.03,708.02,709.17,715.1,1710.15,1704.35,1715.62,1723.28,1714.29,1722.46,1731.6,1731.51,1709.48,1712.27,1722.97,1731.24,527.06,521.7,525.82,447.17,525.2,530.33,532.4,531.45,524.74,528.45,532.53,3194.97,3197.22,3198.88,3198.6,3201.17,3198.99,3198.5
24,Shell,Shell_CLB_10,Columbus,USA,40.00132,-83.001372,2,2,1556.25,1557.88,1561.7,1562.87,1563.64,1564.19,1564.45,1567.38,1567.07,1567.87,1557.67,1558.36,1561.08,1567.51,1569.08,16.55,13.82,9.63,9.68,10.53,6.63,7.72,1.31,1.67,0,12.86,5.16,5.78,7.58,12.24,14.89,12.78,8.32,10.06,13.14,16.23,16.23,13.06,4.55,7.97,14.87,3138.91,3133.27,3132.25,3139.87,3139.36,3145.43,3148.42,3142.67,3140.57,3132.19,3145.87,3129.16,3137.2,3126.59,3145.58,3138.54,3140.82,3138.8,691.63,695.73,700.39,703.03,706.76,706.35,707.22,714.14,713.62,686.11,693.98,695.92,705.93,685.4,706.39,707.55,713.47,1708.74,1702.93,1714.2,1721.86,1712.87,1721.04,1730.18,1730.1,1708.07,1710.85,1721.55,1729.82,527.44,522.07,526.18,447.46,525.55,530.68,532.74,531.78,525.11,528.81,532.87,3194.29,3196.53,3198.19,3197.91,3200.48,3198.3,3197.81
25,Shell,Shell_CLB_11,Columbus,USA,39.981051,-83.150037,2,2,1556.44,1558.06,1561.83,1563.07,1563.79,1564.36,1564.64,1567.55,1567.25,1568,1557.89,1558.57,1561.27,1567.69,1569.25,24.33,14.63,17.56,18.93,10.55,16.43,18.94,11.82,13.86,12.86,0,10.68,13.43,17.78,23.98,26.79,6.52,10.97,17.3,23.83,22.93,22.93,1.12,14.81,20.13,17.58,3126.12,3120.49,3119.46,3127.08,3126.57,3132.65,3135.63,3129.87,3127.77,3119.39,3133.07,3116.37,3124.41,3113.8,3132.79,3125.75,3128.03,3126,687.2,691.23,695.93,698.64,702.26,701.96,702.58,709.51,709.21,681.66,689.43,691.51,701.53,681.11,701.75,703.25,709.07,1697,1691.22,1702.48,1710.15,1701.18,1709.34,1718.48,1718.39,1696.3,1699.13,1709.83,1718.13,539.49,534.1,538.2,459.25,537.55,542.67,544.72,543.69,537.16,540.82,544.84,3181.6,3183.84,3185.5,3185.22,3187.79,3185.61,3185.12
26,Shell,Shell_CLB_12,Columbus,USA,39.959565,-83.027828,1,2,1552.11,1553.74,1557.54,1558.73,1559.49,1560.05,1560.31,1563.23,1562.92,1563.71,1553.54,1554.22,1556.93,1563.36,1564.93,21.58,17.03,14.49,14.76,12.98,11.69,12.86,5.32,6.83,5.16,10.68,0,2.79,7.1,13.4,16.22,8.36,3.19,7.22,13.15,21.09,21.09,10.44,4.33,9.88,10.38,3136.37,3130.72,3129.69,3137.31,3136.8,3142.88,3145.85,3140.09,3137.99,3129.58,3143.26,3126.61,3134.64,3124.02,3143.02,3135.97,3138.24,3136.2,686.66,690.75,695.41,698.06,701.78,701.38,702.22,709.14,708.64,681.13,688.99,690.94,700.96,680.44,701.39,702.59,708.5,1704.27,1698.46,1709.73,1717.38,1708.38,1716.55,1725.69,1725.61,1703.62,1706.38,1717.07,1725.33,528.81,523.42,527.53,448.56,526.87,532,534.04,533.01,526.48,530.14,534.16,3191.99,3194.23,3195.89,3195.61,3198.18,3196,3195.5
27,Shell,Shell_CLB_13,Columbus,USA,39.949425,-82.997904,1,2,1550.53,1552.16,1555.97,1557.15,1557.91,1558.47,1558.72,1561.65,1561.34,1562.14,1551.95,1552.64,1555.35,1561.78,1563.35,22.21,19.02,15.4,15.31,15.19,12.32,12.87,6.5,7.31,5.78,13.43,2.79,0,4.43,10.87,13.68,10.42,3.96,4.69,10.41,21.98,21.98,13.14,2.44,7.75,9.12,3138.85,3133.19,3132.16,3139.78,3139.26,3145.35,3148.32,3142.56,3140.45,3132.04,3145.72,3129.09,3137.11,3126.49,3145.48,3138.43,3140.7,3138.66,686.02,690.13,694.78,697.41,701.15,700.73,701.63,708.54,708,680.5,688.38,690.3,700.31,679.77,700.8,701.92,707.85,1705.76,1699.93,1711.2,1718.86,1709.84,1718.01,1727.16,1727.08,1705.12,1707.86,1718.54,1726.8,526.1,520.71,524.82,445.82,524.15,529.28,531.32,530.28,523.77,527.43,531.44,3194.53,3196.77,3198.43,3198.15,3200.72,3198.54,3198.04
28,Shell,Shell_CLB_14,Columbus,USA,39.947977,-82.945935,1,2,1549.56,1551.19,1555.02,1556.17,1556.95,1557.5,1557.75,1560.68,1560.37,1561.19,1550.97,1551.66,1554.38,1560.81,1562.38,22.24,21.39,16.18,15.54,18.06,12.93,12.46,8.78,8.49,7.58,17.78,7.1,4.43,0,6.47,9.27,14.75,8.08,4.07,6.09,22.45,22.45,17.54,3.27,4.14,10.32,3143.26,3137.61,3136.57,3144.19,3143.67,3149.76,3152.72,3146.97,3144.86,3136.44,3150.13,3133.5,3141.52,3130.9,3149.89,3142.84,3145.11,3143.07,686.7,690.83,695.47,698.07,701.86,701.39,702.38,709.29,708.67,681.19,689.11,690.97,700.97,680.4,701.55,702.55,708.52,1709.35,1703.51,1714.78,1722.43,1713.41,1721.58,1730.73,1730.65,1708.72,1711.44,1722.12,1730.36,521.71,516.32,520.43,441.47,519.77,524.9,526.94,525.92,519.39,523.05,527.07,3198.95,3201.19,3202.86,3202.58,3205.15,3202.97,3202.47
29,Shell,Shell_CLB_15,Columbus,USA,39.955704,-82.870655,1,2,1549.25,1550.89,1554.74,1555.86,1556.66,1557.2,1557.44,1560.38,1560.07,1560.91,1550.65,1551.35,1554.06,1560.51,1562.08,22.77,25.06,18.28,16.99,22.49,15.24,13.54,13.55,12.37,12.24,23.98,13.4,10.87,6.47,0,2.82,21.22,14.54,9.34,2.95,23.58,23.58,23.82,9.16,4.32,15.17,3149.71,3144.06,3143.03,3150.65,3150.13,3156.22,3159.18,3153.43,3151.32,3142.9,3156.59,3139.96,3147.98,3137.36,3156.35,3149.3,3151.57,3149.53,688.81,692.98,697.6,700.16,704,703.48,704.6,711.49,710.76,683.31,691.28,693.06,703.06,682.44,703.76,704.59,710.61,1715.16,1709.31,1720.58,1728.24,1719.2,1727.37,1736.52,1736.44,1714.55,1717.24,1727.92,1736.15,515.56,510.17,514.28,435.43,513.64,518.76,520.82,519.82,513.23,516.9,520.94,3205.38,3207.62,3209.28,3209,3211.58,3209.39,3208.89
30,Shell,Shell_CLB_16,Columbus,USA,39.954578,-82.837583,1,2,1548.63,1550.27,1554.13,1555.23,1556.05,1556.59,1556.82,1559.76,1559.45,1560.31,1550.02,1550.73,1553.44,1559.89,1561.46,24.02,27.31,20.17,18.71,24.97,17.29,15.29,16.2,14.89,14.89,26.79,16.22,13.68,9.27,2.82,0,24,17.3,11.84,4.44,25.03,25.03,26.64,11.98,6.92,17.35,3152.52,3146.87,3145.83,3153.46,3152.94,3159.02,3161.99,3156.23,3154.12,3145.71,3159.39,3142.76,3150.78,3140.16,3159.16,3152.11,3154.38,3152.33,689.26,693.45,698.06,700.6,704.47,703.93,705.1,711.99,711.21,683.77,691.76,693.51,703.51,682.87,704.26,705.01,711.06,1717.44,1711.58,1722.86,1730.51,1721.46,1729.64,1738.78,1738.71,1716.84,1719.52,1730.19,1738.42,512.76,507.38,511.49,432.66,510.85,515.97,518.03,517.04,510.43,514.11,518.16,3208.2,3210.44,3212.1,3211.82,3214.39,3212.21,3211.71
31,Shell,Shell_CLB_17,Columbus,USA,39.928174,-83.116975,1,2,1550.13,1551.75,1555.53,1556.76,1557.48,1558.05,1558.33,1561.24,1560.93,1561.69,1551.57,1552.25,1554.96,1561.37,1562.94,27.63,19.75,20.44,21.31,15.37,18.37,20.25,12.28,14.29,12.78,6.52,8.36,10.42,14.75,21.22,24,0,6.71,12.92,20.33,26.62,26.62,5.51,12.57,18.11,11.58,3128.57,3122.91,3121.87,3129.5,3128.98,3135.06,3138.03,3132.27,3130.16,3121.73,3135.42,3118.81,3126.82,3116.2,3135.2,3128.14,3130.41,3128.36,681.88,685.93,690.62,693.31,696.96,696.62,697.32,704.25,703.88,676.35,684.14,686.18,696.2,675.75,696.5,697.89,703.74,1696.02,1690.21,1701.48,1709.14,1700.14,1708.31,1717.45,1717.37,1695.36,1698.13,1708.83,1717.1,535.7,530.29,534.39,455.2,533.7,538.83,540.84,539.76,533.37,536.99,540.97,3184.35,3186.59,3188.25,3187.98,3190.55,3188.37,3187.87
32,Shell,Shell_CLB_18,Columbus,USA,39.932039,-83.0384,1,2,1549.27,1550.9,1554.7,1555.9,1556.65,1557.21,1557.47,1560.39,1560.08,1560.87,1550.7,1551.39,1554.1,1560.52,1562.09,24.77,19.73,17.66,17.95,15.51,14.88,15.98,8.5,9.99,8.32,10.97,3.19,3.96,8.08,14.54,17.3,6.71,0,6.43,13.63,24.26,24.26,10.41,6.34,11.69,7.66,3135.28,3129.63,3128.59,3136.21,3135.69,3141.78,3144.74,3138.98,3136.87,3128.45,3142.13,3125.52,3133.54,3122.91,3141.91,3134.86,3137.12,3135.07,683.48,687.57,692.24,694.89,698.6,698.2,699.04,705.96,705.47,677.96,685.82,687.77,697.78,677.27,698.21,699.42,705.33,1701.82,1695.99,1707.26,1714.91,1705.9,1714.07,1723.22,1723.14,1701.17,1703.91,1714.6,1722.86,529.17,523.77,527.87,448.75,527.19,532.31,534.34,533.28,526.84,530.47,534.47,3191.06,3193.3,3194.96,3194.68,3197.26,3195.07,3194.57
33,Shell,Shell_CLB_19,Columbus,USA,39.914887,-82.966408,1,2,1546.26,1547.89,1551.71,1552.88,1553.65,1554.2,1554.45,1557.38,1557.07,1557.88,1547.68,1548.37,1551.08,1557.51,1559.08,25.86,23.65,19.43,19.04,19.88,16.22,16.17,10.99,11.38,10.06,17.3,7.22,4.69,4.07,9.34,11.84,12.92,6.43,0,7.68,25.89,25.89,16.81,5.62,8.14,6.27,3141.3,3135.63,3134.59,3142.21,3141.69,3147.78,3150.74,3144.97,3142.86,3134.42,3148.11,3131.53,3139.54,3128.91,3147.91,3140.85,3143.11,3141.05,682.75,686.88,691.52,694.13,697.91,697.45,698.42,705.33,704.73,677.24,685.15,687.02,697.03,676.47,697.59,698.62,704.58,1705.85,1700,1711.28,1718.93,1709.89,1718.07,1727.21,1727.14,1705.24,1707.93,1718.61,1726.85,522.8,517.39,521.49,442.35,520.81,525.93,527.95,526.88,520.47,524.09,528.08,3197.18,3199.42,3201.08,3200.81,3203.38,3201.19,3200.69
34,Shell,Shell_CLB_20,Columbus,USA,39.929864,-82.878531,1,2,1546.54,1548.18,1552.03,1553.15,1553.95,1554.49,1554.73,1557.67,1557.36,1558.2,1547.94,1548.64,1551.36,1557.8,1559.37,25.28,26.59,20.31,19.2,23.65,17.16,15.79,14.43,13.63,13.14,23.83,13.15,10.41,6.09,2.95,4.44,20.33,13.63,7.68,0,25.95,25.95,23.54,9.29,5.95,12.92,3148.88,3143.22,3142.18,3149.8,3149.28,3155.36,3158.32,3152.56,3150.45,3142.02,3155.71,3139.11,3147.13,3136.5,3155.5,3148.44,3150.71,3148.65,685.86,690.03,694.65,697.21,701.05,700.53,701.65,708.54,707.81,680.36,688.33,690.11,700.11,679.49,700.81,701.64,707.66,1713.01,1707.15,1718.43,1726.08,1717.03,1725.2,1734.35,1734.27,1712.41,1715.09,1725.76,1733.98,515.7,510.31,514.41,435.42,513.75,518.87,520.91,519.88,513.37,517.03,521.04,3204.69,3206.93,3208.59,3208.31,3210.88,3208.7,3208.2
35,BP,BP_CLB_1,Columbus,USA,40.147016,-82.990094,2,1,1572,1573.63,1577.47,1578.62,1579.4,1579.95,1580.2,1583.13,1582.82,1583.64,1573.41,1574.11,1576.82,1583.26,1584.83,2.18,9.82,6.61,6.91,12.61,9.69,10.19,15.78,14.67,16.23,22.93,21.09,21.98,22.45,23.58,25.03,26.62,24.26,25.89,25.95,0,0,23.81,20.29,20.09,31.1,3140.91,3135.33,3134.33,3141.95,3141.46,3147.51,3150.54,3144.8,3142.74,3134.47,3148.12,3131.19,3139.28,3128.72,3147.7,3140.67,3142.99,3141.04,707.74,711.82,716.49,719.14,722.85,722.46,723.29,730.21,729.73,702.21,710.06,712.02,722.04,701.53,722.46,723.67,729.58,1718.66,1712.91,1724.17,1731.84,1722.91,1731.06,1740.19,1740.11,1717.92,1720.81,1731.53,1739.86,529.74,524.46,528.59,450.69,528.05,533.19,535.33,534.55,527.44,531.26,535.46,3195.45,3197.7,3199.37,3199.08,3201.65,3199.48,3198.99
36,BP,BP_CLB_2,Columbus,USA,40.147016,-82.990094,2,1,1572,1573.63,1577.47,1578.62,1579.4,1579.95,1580.2,1583.13,1582.82,1583.64,1573.41,1574.11,1576.82,1583.26,1584.83,2.18,9.82,6.61,6.91,12.61,9.69,10.19,15.78,14.67,16.23,22.93,21.09,21.98,22.45,23.58,25.03,26.62,24.26,25.89,25.95,0,0,23.81,20.29,20.09,31.1,3140.91,3135.33,3134.33,3141.95,3141.46,3147.51,3150.54,3144.8,3142.74,3134.47,3148.12,3131.19,3139.28,3128.72,3147.7,3140.67,3142.99,3141.04,707.74,711.82,716.49,719.14,722.85,722.46,723.29,730.21,729.73,702.21,710.06,712.02,722.04,701.53,722.46,723.67,729.58,1718.66,1712.91,1724.17,1731.84,1722.91,1731.06,1740.19,1740.11,1717.92,1720.81,1731.53,1739.86,529.74,524.46,528.59,450.69,528.05,533.19,535.33,534.55,527.44,531.26,535.46,3195.45,3197.7,3199.37,3199.08,3201.65,3199.48,3198.99
37,BP,BP_CLB_3,Columbus,USA,39.971032,-83.149471,2,1,1555.34,1556.96,1560.73,1561.97,1562.69,1563.26,1563.54,1566.45,1566.15,1566.89,1556.79,1557.46,1560.17,1566.59,1568.15,25.16,15.67,18.29,19.6,11.53,17.01,19.44,12.09,14.16,13.06,1.12,10.44,13.14,17.54,23.82,26.64,5.51,10.41,16.81,23.54,23.81,23.81,0,14.67,20.08,16.76,3126.1,3120.46,3119.43,3127.05,3126.54,3132.62,3135.59,3129.84,3127.74,3119.35,3133.03,3116.35,3124.38,3113.77,3132.76,3125.71,3127.99,3125.96,686.11,690.14,694.84,697.55,701.18,700.87,701.49,708.43,708.12,680.57,688.34,690.42,700.44,680.02,700.67,702.16,707.98,1696.41,1690.62,1701.89,1709.55,1700.58,1708.74,1717.88,1717.8,1695.72,1698.54,1709.24,1717.53,539.24,533.85,537.96,458.95,537.29,542.42,544.45,543.42,536.91,540.57,544.58,3181.63,3183.87,3185.54,3185.26,3187.83,3185.65,3185.15
38,BP,BP_CLB_4,Columbus,USA,39.964754,-82.977494,1,2,1551.88,1553.51,1557.33,1558.5,1559.27,1559.82,1560.08,1563.01,1562.7,1563.51,1553.3,1553.99,1556.7,1563.14,1564.7,20.35,18.34,13.8,13.48,14.86,10.61,10.79,5.64,5.76,4.55,14.81,4.33,2.44,3.27,9.16,11.98,12.57,6.34,5.62,9.29,20.29,20.29,14.67,0,5.56,11.08,3140.69,3135.04,3134.01,3141.63,3141.11,3147.19,3150.17,3144.41,3142.31,3133.9,3147.59,3130.93,3138.96,3128.34,3147.34,3140.29,3142.56,3140.52,688.02,692.13,696.78,699.4,703.16,702.72,703.65,710.56,710,682.5,690.39,692.29,702.3,681.76,702.82,703.9,709.85,1708.16,1702.33,1713.6,1721.25,1712.24,1720.41,1729.56,1729.48,1707.51,1710.25,1720.94,1729.2,524.69,519.31,523.42,444.52,522.77,527.89,529.94,528.93,522.37,526.04,530.07,3196.28,3198.52,3200.18,3199.91,3202.48,3200.3,3199.8
39,BP,BP_CLB_5,Columbus,USA,39.975996,-82.913869,1,2,1552.13,1553.76,1557.6,1558.74,1559.53,1560.07,1560.32,1563.26,1562.94,1563.78,1553.53,1554.23,1556.94,1563.38,1564.95,19.55,20.82,14.37,13.29,18.17,11.21,9.91,9.27,8.06,7.97,20.13,9.88,7.75,4.14,4.32,6.92,18.11,11.69,8.14,5.95,20.09,20.09,20.08,5.56,0,14.41,3146.17,3140.53,3139.5,3147.12,3146.61,3152.69,3155.66,3149.91,3147.8,3139.41,3153.09,3136.42,3144.45,3133.83,3152.83,3145.78,3148.06,3146.02,690.29,694.44,699.07,701.65,705.46,704.97,706.01,712.91,712.25,684.78,692.71,694.55,704.55,683.97,705.17,706.12,712.1,1713.35,1707.52,1718.79,1726.44,1717.42,1725.59,1734.74,1734.66,1712.72,1715.44,1726.13,1734.38,519.59,514.22,518.33,439.55,517.69,522.82,524.88,523.89,517.26,520.95,525,3201.71,3203.96,3205.62,3205.34,3207.91,3205.73,3205.23
40,BP,BP_CLB_6,Columbus,USA,39.86764,-83.00647,1,2,1541.73,1543.36,1547.16,1548.35,1549.1,1549.66,1549.93,1552.85,1552.54,1553.33,1543.16,1543.84,1546.55,1552.98,1554.55,31.32,27.34,24.5,24.42,23.16,21.45,21.86,15.45,16.43,14.87,17.58,10.38,9.12,10.32,15.17,17.35,11.58,7.66,6.27,12.92,31.1,31.1,16.76,11.08,14.41,0,3137.58,3131.9,3130.84,3138.47,3137.94,3144.04,3146.98,3141.21,3139.09,3130.62,3144.32,3127.81,3135.8,3125.15,3144.15,3137.09,3139.34,3137.26,676.95,681.06,685.71,688.33,692.09,691.65,692.58,699.49,698.93,671.43,679.32,681.22,691.23,670.69,691.74,692.84,698.78,1700.1,1694.23,1705.51,1713.16,1704.11,1712.29,1721.44,1721.36,1699.49,1702.17,1712.84,1721.07,525.31,519.87,523.97,444.56,523.25,528.37,530.36,529.22,522.97,526.55,530.49,3193.73,3195.96,3197.62,3197.35,3199.93,3197.74,3197.23
41,Shell,Shell_SD_1,San Diego,USA,32.937793,-117.22917,1,2,3644.05,3643.91,3641.04,3648.81,3643.91,3646.28,3648.53,3648.36,3648.79,3643.48,3647.71,3646.37,3647.56,3648.95,3649.58,3143.09,3132,3139.79,3141.75,3131.6,3140.55,3143.44,3137.76,3139.67,3138.91,3126.12,3136.37,3138.85,3143.26,3149.71,3152.52,3128.57,3135.28,3141.3,3148.88,3140.91,3140.91,3126.1,3140.69,3146.17,3137.58,0,10.68,16.34,13.94,17.32,15.24,23.55,25.23,30.43,50.42,46.07,10.62,14.76,25.23,21.06,23.38,30.38,43.47,3038.08,3033.59,3035.81,3040.21,3033.75,3039.88,3025.24,3026.23,3038.93,3037.24,3030.98,3039.66,3039.82,3046.2,3025.78,3045.25,3039.23,1862.45,1872.15,1865.19,1861.92,1873.24,1867.64,1861.77,1861.49,1855.18,1865.87,1862.34,1863.84,3652.19,3646.38,3650.27,3568.13,3648.95,3653.88,3655.31,3652.92,3649.81,3652.49,3655.43,167.45,166.94,166.77,167.84,170.25,167.07,165.91
42,Shell,Shell_SD_2,San Diego,USA,32.884429,-117.134042,1,2,3634.97,3634.83,3631.95,3639.72,3634.82,3637.19,3639.45,3639.27,3639.7,3634.38,3638.64,3637.29,3638.47,3639.85,3640.48,3137.5,3126.4,3134.18,3136.15,3125.99,3134.94,3137.82,3132.13,3134.04,3133.27,3120.49,3130.72,3133.19,3137.61,3144.06,3146.87,3122.91,3129.63,3135.63,3143.22,3135.33,3135.33,3120.46,3135.04,3140.53,3131.9,10.68,0,5.93,8.17,10.23,13.03,19.6,18.42,22.5,40.88,38.54,6.36,6.82,14.57,16.42,15.23,22.52,34.8,3030.51,3026.02,3028.22,3032.62,3026.15,3032.28,3017.64,3018.61,3031.31,3029.69,3023.42,3032.09,3032.22,3038.65,3018.18,3037.65,3031.61,1853.24,1862.94,1855.95,1852.66,1863.99,1858.38,1852.48,1852.2,1845.98,1856.64,1853.08,1854.55,3646.21,3640.41,3644.29,3562.14,3642.97,3647.89,3649.31,3646.91,3643.84,3646.5,3649.43,177.84,177.36,177.21,178.28,180.71,177.52,176.35
43,Shell,Shell_SD_3,San Diego,USA,32.840458,-117.098137,1,2,3631.46,3631.31,3628.43,3636.2,3631.29,3633.66,3635.92,3635.74,3636.17,3630.85,3635.12,3633.78,3634.96,3636.33,3636.95,3136.51,3125.4,3133.18,3135.14,3124.98,3133.92,3136.81,3131.11,3133.02,3132.25,3119.46,3129.69,3132.16,3136.57,3143.03,3145.83,3121.87,3128.59,3134.59,3142.18,3134.33,3134.33,3119.43,3134.01,3139.5,3130.84,16.34,5.93,0,7.69,7.5,13.24,17.46,14.44,17.53,35.02,33.47,11.13,4.96,9.08,14.25,10.53,17.6,29.25,3028.18,3023.68,3025.87,3030.26,3023.79,3029.92,3015.28,3016.24,3028.93,3027.37,3021.08,3029.74,3029.86,3036.33,3015.82,3035.28,3029.23,1849.61,1859.31,1852.3,1849,1860.33,1854.7,1848.79,1848.51,1842.36,1853,1849.41,1850.85,3644.97,3639.16,3643.04,3560.89,3641.71,3646.63,3648.05,3645.63,3642.59,3645.25,3648.17,183.7,183.21,183.05,184.12,186.54,183.36,182.19
44,Shell,Shell_SD_4,San Diego,USA,32.820345,-117.176882,1,2,3638.74,3638.59,3635.7,3643.48,3638.57,3640.94,3643.2,3643.01,3643.44,3638.12,3642.41,3641.06,3642.23,3643.6,3644.22,3144.13,3133.02,3140.8,3142.76,3132.6,3141.54,3144.43,3138.73,3140.64,3139.87,3127.08,3137.31,3139.78,3144.19,3150.65,3153.46,3129.5,3136.21,3142.21,3149.8,3141.95,3141.95,3127.05,3141.63,3147.12,3138.47,13.94,8.17,7.69,0,3.45,5.57,11.45,11.38,16.49,36.89,32.19,14.44,2.78,15.57,8.32,9.57,16.44,29.58,3035.83,3031.33,3033.52,3037.91,3031.44,3037.57,3022.93,3023.88,3036.58,3035.02,3028.73,3037.4,3037.51,3043.98,3023.47,3042.93,3036.88,1856.83,1866.53,1859.51,1856.2,1867.53,1861.9,1855.97,1855.7,1849.6,1860.22,1856.61,1858.04,3652.62,3646.81,3650.69,3568.54,3649.37,3654.29,3655.7,3653.29,3650.25,3652.9,3655.82,180.47,179.88,179.65,180.75,183.1,179.96,178.8
45,Shell,Shell_SD_5,San Diego,USA,32.794378,-117.156722,1,2,3636.76,3636.62,3633.72,3641.5,3636.59,3638.96,3641.22,3641.03,3641.46,3636.14,3640.43,3639.08,3640.26,3641.62,3642.24,3143.63,3132.52,3140.3,3142.26,3132.1,3141.04,3143.93,3138.22,3140.13,3139.36,3126.57,3136.8,3139.26,3143.67,3150.13,3152.94,3128.98,3135.69,3141.69,3149.28,3141.46,3141.46,3126.54,3141.11,3146.61,3137.94,17.32,10.23,7.5,3.45,0,7.04,9.98,8.31,13.12,33.45,28.95,16.59,3.42,13.62,6.76,6.12,13.08,26.16,3034.55,3030.05,3032.24,3036.62,3030.15,3036.27,3021.63,3022.58,3035.28,3033.75,3027.45,3036.11,3036.22,3042.71,3022.17,3041.63,3035.58,1854.8,1864.5,1857.47,1854.14,1865.48,1859.84,1853.9,1853.63,1847.57,1858.17,1854.55,1855.96,3651.98,3646.17,3650.05,3567.89,3648.72,3653.64,3655.05,3652.63,3649.6,3652.26,3655.17,183.89,183.29,183.06,184.16,186.5,183.36,182.2
46,Shell,Shell_SD_6,San Diego,USA,32.800752,-117.231683,1,2,3643.79,3643.64,3640.75,3648.53,3643.61,3645.98,3648.25,3648.06,3648.49,3643.16,3647.46,3646.11,3647.28,3648.64,3649.27,3149.69,3138.58,3146.36,3148.32,3138.16,3147.11,3149.99,3144.29,3146.21,3145.43,3132.65,3142.88,3145.35,3149.76,3156.22,3159.02,3135.06,3141.78,3147.78,3155.36,3147.51,3147.51,3132.62,3147.19,3152.69,3144.04,15.24,13.03,13.24,5.57,7.04,0,8.32,11.53,17.33,38.61,31.81,18.87,8.28,20.59,6.21,11.85,17.2,30.47,3041.28,3036.78,3038.97,3043.36,3036.88,3043.01,3028.37,3029.33,3042.02,3040.47,3034.18,3042.84,3042.96,3049.44,3028.91,3048.37,3042.32,1861.83,1871.53,1864.5,1861.17,1872.52,1866.87,1860.94,1860.66,1854.6,1865.21,1861.59,1863,3658.19,3652.38,3656.26,3574.11,3654.93,3659.85,3661.27,3658.86,3655.81,3658.47,3661.39,178.86,178.2,177.91,179.03,181.32,178.22,177.06
47,Shell,Shell_SD_7,San Diego,USA,32.726059,-117.226018,1,2,3643.01,3642.87,3639.96,3647.74,3642.82,3645.19,3647.45,3647.26,3647.69,3642.36,3646.69,3645.33,3646.5,3647.85,3648.46,3152.71,3141.6,3149.37,3151.33,3141.17,3150.11,3152.99,3147.28,3149.19,3148.42,3135.63,3145.85,3148.32,3152.72,3159.18,3161.99,3138.03,3144.74,3150.74,3158.32,3150.54,3150.54,3135.59,3150.17,3155.66,3146.98,23.55,19.6,17.46,11.45,9.98,8.32,0,6.7,11.85,32.82,24.18,25.88,13.15,21.83,3.24,10.06,11.63,24,3042.41,3037.9,3040.08,3044.46,3037.97,3044.1,3029.46,3030.4,3043.09,3041.62,3035.31,3043.96,3044.05,3050.58,3030,3049.46,3043.39,1860.88,1870.59,1863.52,1860.16,1871.52,1865.85,1859.88,1859.61,1853.68,1864.24,1860.57,1861.94,3660.87,3655.06,3658.94,3576.78,3657.6,3662.52,3663.93,3661.5,3658.49,3661.14,3664.05,185.71,184.98,184.64,185.78,188.02,184.95,183.79
48,Shell,Shell_SD_8,San Diego,USA,32.719704,-117.154843,1,2,3636.34,3636.19,3633.28,3641.06,3636.14,3638.51,3640.78,3640.58,3641.01,3635.68,3640.01,3638.65,3639.82,3641.17,3641.79,3146.98,3135.86,3143.63,3145.59,3135.42,3144.36,3147.25,3141.53,3143.44,3142.67,3129.87,3140.09,3142.56,3146.97,3153.43,3156.23,3132.27,3138.98,3144.97,3152.56,3144.8,3144.8,3129.84,3144.41,3149.91,3141.21,25.23,18.42,14.44,11.38,8.31,11.53,6.7,0,5.84,27.18,20.85,24.71,11.63,16.33,5.78,4.41,5.69,18.95,3036.03,3031.51,3033.69,3038.07,3031.58,3037.71,3023.07,3024,3036.69,3035.24,3028.92,3037.58,3037.65,3044.21,3023.61,3043.07,3037,1854.2,1863.9,1856.83,1853.47,1864.83,1859.16,1853.19,1852.92,1847,1857.55,1853.89,1855.25,3654.99,3649.18,3653.05,3570.89,3651.71,3656.63,3658.04,3655.61,3652.61,3655.26,3658.16,190.39,189.72,189.43,190.55,192.84,189.74,188.58
49,Shell,Shell_SD_9,San Diego,USA,32.683123,-117.110106,2,2,3632.04,3631.89,3628.97,3636.76,3631.83,3634.2,3636.47,3636.27,3636.7,3631.36,3635.71,3634.35,3635.52,3636.86,3637.47,3144.91,3133.78,3141.55,3143.51,3133.34,3142.28,3145.16,3139.43,3141.35,3140.57,3127.77,3137.99,3140.45,3144.86,3151.32,3154.12,3130.16,3136.87,3142.86,3150.45,3142.74,3142.74,3127.74,3142.31,3147.8,3139.09,30.43,22.5,17.53,16.49,13.12,17.33,11.85,5.84,0,21.35,16.04,28.51,16.07,16.26,11.58,7.28,0.26,13.22,3032.75,3028.22,3030.39,3034.76,3028.27,3034.4,3019.76,3020.68,3033.37,3031.97,3025.63,3034.28,3034.35,3040.93,3020.3,3039.75,3033.67,1849.82,1859.53,1852.44,1849.06,1860.43,1854.74,1848.76,1848.49,1842.64,1853.17,1849.48,1850.82,3652.68,3646.87,3650.74,3568.57,3649.4,3654.32,3655.71,3653.28,3650.31,3652.94,3655.83,196.18,195.52,195.24,196.36,198.65,195.55,194.39
50,Shell,Shell_SD_10,San Diego,USA,32.554719,-116.940648,1,2,3615.78,3615.62,3612.68,3620.48,3615.54,3617.91,3620.18,3619.96,3620.4,3615.05,3619.45,3618.09,3619.25,3620.56,3621.17,3136.64,3125.49,3133.23,3135.19,3125.01,3133.94,3136.83,3131.06,3132.98,3132.19,3119.39,3129.58,3132.04,3136.44,3142.9,3145.71,3121.73,3128.45,3134.42,3142.02,3134.47,3134.47,3119.35,3133.9,3139.41,3130.62,50.42,40.88,35.02,36.89,33.45,38.61,32.82,27.18,21.35,0,14.41,45.8,35.67,28.45,32.92,27.36,21.51,9.31,3020.1,3015.55,3017.69,3022.05,3015.53,3021.66,3007.02,3007.9,3020.59,3019.35,3012.97,3021.61,3021.61,3028.32,3007.57,3027.01,3020.9,1833.34,1843.05,1835.89,1832.47,1843.85,1838.12,1832.09,1831.82,1826.19,1836.65,1832.88,1834.14,3643.54,3637.72,3641.58,3559.39,3640.22,3645.13,3646.51,3644.04,3641.16,3643.77,3646.63,217.3,216.68,216.42,217.52,219.84,216.72,215.56
51,BP,BP_SD_01,San Diego,USA,32.539525,-117.093282,1,2,3630.04,3629.88,3626.93,3634.73,3629.79,3632.17,3634.44,3634.22,3634.65,3629.3,3633.71,3632.35,3633.5,3634.81,3635.42,3150.29,3139.14,3146.9,3148.86,3138.68,3147.61,3150.5,3144.74,3146.66,3145.87,3133.07,3143.26,3145.72,3150.13,3156.59,3159.39,3135.42,3142.13,3148.11,3155.71,3148.12,3148.12,3133.03,3147.59,3153.09,3144.32,46.07,38.54,33.47,32.19,28.95,31.81,24.18,20.85,16.04,14.41,0,44.52,32.05,30.34,25.6,23.32,16.02,7.35,3034.45,3029.9,3032.04,3036.4,3029.89,3036.02,3021.38,3022.26,3034.95,3033.7,3027.32,3035.96,3035.97,3042.66,3021.93,3041.37,3035.26,1847.57,1857.27,1850.11,1846.67,1858.07,1852.33,1846.28,1846.02,1840.43,1850.87,1847.09,1848.33,3657.38,3651.56,3655.43,3573.25,3654.07,3658.98,3660.37,3657.91,3655.01,3657.62,3660.49,209.75,208.98,208.62,209.76,211.97,208.93,207.77
52,Chevron,Chevron_SD_01,San Diego,USA,32.93947,-117.115383,1,2,3633.44,3633.31,3630.44,3638.2,3633.31,3635.67,3637.93,3637.76,3638.18,3632.88,3637.11,3635.76,3636.95,3638.34,3638.97,3133.36,3122.27,3130.05,3132.02,3121.86,3130.81,3133.7,3128.01,3129.92,3129.16,3116.37,3126.61,3129.09,3133.5,3139.96,3142.76,3118.81,3125.52,3131.53,3139.11,3131.19,3131.19,3116.35,3130.93,3136.42,3127.81,10.62,6.36,11.13,14.44,16.59,18.87,25.88,24.71,28.51,45.8,44.52,0,13.17,17.97,22.74,21.31,28.55,40.36,3027.62,3023.13,3025.35,3029.75,3023.29,3029.42,3014.78,3015.76,3028.46,3026.79,3020.53,3029.2,3029.36,3035.75,3015.31,3034.79,3028.76,1851.86,1861.56,1854.61,1851.34,1862.66,1857.07,1851.19,1850.92,1844.59,1855.28,1851.76,1853.26,3642.28,3636.48,3640.37,3558.22,3639.04,3643.97,3645.39,3643,3639.91,3642.58,3645.52,174.65,174.25,174.16,175.2,177.69,174.47,173.3
53,Chevron,Chevron_SD_02,San Diego,USA,32.824142,-117.147513,1,2,3636.01,3635.87,3632.97,3640.75,3635.84,3638.21,3640.47,3640.28,3640.71,3635.39,3639.68,3638.33,3639.51,3640.87,3641.49,3141.46,3130.35,3138.13,3140.09,3129.93,3138.87,3141.76,3136.06,3137.97,3137.2,3124.41,3134.64,3137.11,3141.52,3147.98,3150.78,3126.82,3133.54,3139.54,3147.13,3139.28,3139.28,3124.38,3138.96,3144.45,3135.8,14.76,6.82,4.96,2.78,3.42,8.28,13.15,11.63,16.07,35.67,32.05,13.17,0,12.92,9.91,8.82,16.06,28.84,3033.06,3028.56,3030.75,3035.14,3028.67,3034.79,3020.15,3021.11,3033.8,3032.25,3025.96,3034.62,3034.74,3041.21,3020.69,3040.16,3034.11,1854.11,1863.82,1856.8,1853.48,1864.82,1859.19,1853.26,1852.99,1846.88,1857.5,1853.9,1855.33,3649.92,3644.12,3648,3565.84,3646.67,3651.59,3653,3650.59,3647.55,3650.2,3653.12,181.95,181.4,181.19,182.28,184.65,181.5,180.34
54,Chevron,Chevron_SD_03,San Diego,USA,32.803494,-117.011448,1,2,3623.23,3623.08,3620.19,3627.96,3623.05,3625.42,3627.68,3627.49,3627.93,3622.6,3626.89,3625.54,3626.72,3628.08,3628.71,3130.89,3119.77,3127.54,3129.51,3119.34,3128.28,3131.17,3125.45,3127.37,3126.59,3113.8,3124.02,3126.49,3130.9,3137.36,3140.16,3116.2,3122.91,3128.91,3136.5,3128.72,3128.72,3113.77,3128.34,3133.83,3125.15,25.23,14.57,9.08,15.57,13.62,20.59,21.83,16.33,16.26,28.45,30.34,17.97,12.92,0,19.11,12.02,16.44,24.61,3021.04,3016.53,3018.72,3023.1,3016.63,3022.75,3008.11,3009.06,3021.75,3020.24,3013.94,3022.6,3022.7,3029.2,3008.65,3028.11,3022.06,1841.29,1850.99,1843.97,1840.65,1851.99,1846.35,1840.42,1840.15,1834.06,1844.67,1841.06,1842.48,3639.04,3633.23,3637.11,3554.95,3635.77,3640.69,3642.1,3639.67,3636.66,3639.31,3642.22,192.25,191.8,191.67,192.73,195.17,191.98,190.81
55,Chevron,Chevron_SD_04,San Diego,USA,32.749473,-117.205473,1,2,3641.17,3641.02,3638.12,3645.9,3640.98,3643.35,3645.61,3645.42,3645.85,3640.52,3644.84,3643.49,3644.66,3646.01,3646.63,3149.87,3138.76,3146.53,3148.49,3138.33,3147.27,3150.16,3144.45,3146.36,3145.58,3132.79,3143.02,3145.48,3149.89,3156.35,3159.16,3135.2,3141.91,3147.91,3155.5,3147.7,3147.7,3132.76,3147.34,3152.83,3144.15,21.06,16.42,14.25,8.32,6.76,6.21,3.24,5.78,11.58,32.92,25.6,22.74,9.91,19.11,0,7.84,11.41,24.5,3040.01,3035.5,3037.68,3042.06,3035.58,3041.71,3027.07,3028.01,3040.7,3039.21,3032.91,3041.56,3041.66,3048.18,3027.61,3047.07,3041.01,1859.09,1868.8,1861.74,1858.39,1869.74,1864.08,1858.12,1857.85,1851.88,1862.46,1858.8,1860.18,3658.1,3652.29,3656.17,3574.01,3654.83,3659.75,3661.16,3658.74,3655.72,3658.37,3661.28,184.84,184.15,183.85,184.97,187.25,184.16,183
56,Chevron,Chevron_SD_05,San Diego,USA,32.74788,-117.121689,1,2,3633.33,3633.18,3630.28,3638.06,3633.14,3635.51,3637.78,3637.58,3638.01,3632.68,3637,3635.65,3636.82,3638.17,3638.79,3142.84,3131.72,3139.49,3141.46,3131.29,3140.23,3143.12,3137.4,3139.31,3138.54,3125.75,3135.97,3138.43,3142.84,3149.3,3152.11,3128.14,3134.86,3140.85,3148.44,3140.67,3140.67,3125.71,3140.29,3145.78,3137.09,23.38,15.23,10.53,9.57,6.12,11.85,10.06,4.41,7.28,27.36,23.32,21.31,8.82,12.02,7.84,0,7.3,20.09,3032.37,3027.85,3030.03,3034.41,3027.93,3034.06,3019.42,3020.35,3033.05,3031.57,3025.26,3033.92,3034,3040.54,3019.96,3039.42,3033.35,1851.26,1860.96,1853.91,1850.56,1861.91,1856.25,1850.29,1850.02,1844.05,1854.62,1850.97,1852.35,3650.93,3645.11,3648.99,3566.83,3647.65,3652.57,3653.98,3651.55,3648.55,3651.19,3654.1,189.95,189.34,189.09,190.2,192.53,189.4,188.24
57,Chevron,Chevron_SD_06,San Diego,USA,32.68269,-117.112865,2,1,3632.29,3632.14,3629.22,3637.01,3632.09,3634.46,3636.73,3636.52,3636.96,3631.62,3635.97,3634.61,3635.78,3637.11,3637.73,3145.17,3134.04,3141.8,3143.76,3133.59,3142.53,3145.42,3139.69,3141.6,3140.82,3128.03,3138.24,3140.7,3145.11,3151.57,3154.38,3130.41,3137.12,3143.11,3150.71,3142.99,3142.99,3127.99,3142.56,3148.06,3139.34,30.38,22.52,17.6,16.44,13.08,17.2,11.63,5.69,0.26,21.51,16.02,28.55,16.06,16.44,11.41,7.3,0,13.32,3033.01,3028.48,3030.65,3035.02,3028.53,3034.66,3020.02,3020.94,3033.63,3032.23,3025.9,3034.55,3034.61,3041.19,3020.56,3040.02,3033.94,1850.08,1859.79,1852.7,1849.32,1860.68,1855,1849.01,1848.74,1842.89,1853.42,1849.73,1851.07,3652.94,3647.13,3651,3568.83,3649.66,3654.57,3655.97,3653.53,3650.56,3653.2,3656.09,196.06,195.4,195.11,196.23,198.52,195.42,194.26
58,Chevron,Chevron_SD_07,San Diego,USA,32.582952,-117.034128,1,2,3624.62,3624.46,3621.52,3629.32,3624.38,3626.76,3629.03,3628.81,3629.25,3623.9,3628.29,3626.93,3628.09,3629.4,3630.02,3143.22,3132.07,3139.82,3141.78,3131.61,3140.54,3143.43,3137.67,3139.59,3138.8,3126,3136.2,3138.66,3143.07,3149.53,3152.33,3128.36,3135.07,3141.05,3148.65,3141.04,3141.04,3125.96,3140.52,3146.02,3137.26,43.47,34.8,29.25,29.58,26.16,30.47,24,18.95,13.22,9.31,7.35,40.36,28.84,24.61,24.5,20.09,13.32,0,3028.03,3023.49,3025.64,3030,3023.49,3029.62,3014.98,3015.87,3028.56,3027.28,3020.91,3029.55,3029.57,3036.24,3015.53,3034.97,3028.87,1842.22,1851.93,1844.79,1841.37,1852.76,1847.03,1841.01,1840.74,1835.07,1845.54,1841.79,1843.06,3650.4,3644.58,3648.45,3566.27,3647.1,3652.01,3653.4,3650.94,3648.03,3650.64,3653.52,209.32,208.64,208.34,209.46,211.74,208.65,207.49
59,Shell,Shell_Ala_01,Altanta,USA,33.879173,-84.378113,1,2,944.87,946.15,948.39,951.7,950.84,952,952.9,955.22,955.1,954.16,947.15,947.3,949.86,955.51,956.97,708.18,701.6,701.14,701.3,697.24,698.26,698.8,691.97,693.26,691.63,687.2,686.66,686.02,686.7,688.81,689.26,681.88,683.48,682.75,685.86,707.74,707.74,686.11,688.02,690.29,676.95,3038.08,3030.51,3028.18,3035.83,3034.55,3041.28,3042.41,3036.03,3032.75,3020.1,3034.45,3027.62,3033.06,3021.04,3040.01,3032.37,3033.01,3028.03,0,5.94,8.96,11.69,15.57,14.91,19.72,24.96,22.05,5.62,7.37,4.63,14.48,10.05,18.76,17.7,21.93,1315.42,1307.11,1317.9,1324.61,1313.41,1321.51,1330.43,1330.49,1318.26,1315.31,1324.21,1329.28,868.56,863.26,865.26,801.77,862.36,865.19,864.36,858.83,866.76,865.59,864.43,3127.91,3129.78,3131.21,3131.22,3134.07,3131.38,3130.66
60,Shell,Shell_Ala_02,Altanta,USA,33.849524,-84.431672,1,2,944.16,945.43,947.63,950.99,950.08,951.27,952.17,954.49,954.37,953.38,946.46,946.59,949.15,954.77,956.24,712.29,705.64,705.24,705.4,701.29,702.37,702.92,696.06,697.36,695.73,691.23,690.75,690.13,690.83,692.98,693.45,685.93,687.57,686.88,690.03,711.82,711.82,690.14,692.13,694.44,681.06,3033.59,3026.02,3023.68,3031.33,3030.05,3036.78,3037.9,3031.51,3028.22,3015.55,3029.9,3023.13,3028.56,3016.53,3035.5,3027.85,3028.48,3023.49,5.94,0,5.26,10.06,11.05,12.57,13.86,19.5,18.89,10.14,3.22,6.08,12.18,15.98,12.9,16.92,18.85,1309.84,1301.53,1312.32,1319.02,1307.81,1315.91,1324.83,1324.89,1312.7,1309.73,1318.62,1323.67,874.43,869.13,871.14,807.57,868.23,871.07,870.24,864.71,872.63,871.47,870.31,3123.62,3125.48,3126.91,3126.93,3129.78,3127.08,3126.36
61,Shell,Shell_Ala_03,Altanta,USA,33.804462,-84.414506,1,2,938.98,940.25,942.44,945.8,944.89,946.08,946.99,949.3,949.18,948.19,941.28,941.41,943.96,949.59,951.05,716.94,710.33,709.9,710.06,705.98,707.02,707.57,700.73,702.02,700.39,695.93,695.41,694.78,695.47,697.6,698.06,690.62,692.24,691.52,694.65,716.49,716.49,694.84,696.78,699.07,685.71,3035.81,3028.22,3025.87,3033.52,3032.24,3038.97,3040.08,3033.69,3030.39,3017.69,3032.04,3025.35,3030.75,3018.72,3037.68,3030.03,3030.65,3025.64,8.96,5.26,0,5.22,6.61,7.35,12.31,16.39,13.72,14.3,8.21,5.79,6.97,17.92,11.44,12.06,13.66,1310.24,1301.9,1312.68,1319.36,1308.14,1316.24,1325.14,1325.2,1313.13,1310.1,1318.96,1323.98,876.68,871.39,873.38,810.1,870.47,873.28,872.44,866.89,874.88,873.69,872.5,3126.06,3127.92,3129.34,3129.36,3132.22,3129.52,3128.8
62,Shell,Shell_Ala_04,Altanta,USA,33.774217,-84.371247,1,2,934.17,935.44,937.64,940.99,940.1,941.28,942.18,944.5,944.38,943.4,936.46,936.6,939.15,944.78,946.25,719.58,713.03,712.55,712.69,708.67,709.66,710.19,703.37,704.66,703.03,698.64,698.06,697.41,698.07,700.16,700.6,693.31,694.89,694.13,697.21,719.14,719.14,697.55,699.4,701.65,688.33,3040.21,3032.62,3030.26,3037.91,3036.62,3043.36,3044.46,3038.07,3034.76,3022.05,3036.4,3029.75,3035.14,3023.1,3042.06,3034.41,3035.02,3030,11.69,10.06,5.22,0,7.33,3.33,15.37,17.48,10.63,17.31,13.22,7.16,2.91,18.43,14.68,6.88,10.46,1313.37,1305.02,1315.79,1322.46,1311.23,1319.32,1328.21,1328.28,1316.3,1313.22,1322.06,1327.04,876.06,870.79,872.76,809.81,869.84,872.62,871.76,866.2,874.28,873.05,871.83,3130.59,3132.45,3133.87,3133.89,3136.75,3134.05,3133.32
63,Shell,Shell_Ala_05,Altanta,USA,33.750812,-84.445405,1,2,934.98,936.24,938.39,941.8,940.86,942.06,942.98,945.27,945.16,944.13,937.29,937.41,939.96,945.56,947.02,723.31,716.67,716.27,716.43,712.32,713.39,713.95,707.09,708.39,706.76,702.26,701.78,701.15,701.86,704,704.47,696.96,698.6,697.91,701.05,722.85,722.85,701.18,703.16,705.46,692.09,3033.75,3026.15,3023.79,3031.44,3030.15,3036.88,3037.97,3031.58,3028.27,3015.53,3029.89,3023.29,3028.67,3016.63,3035.58,3027.93,3028.53,3023.49,15.57,11.05,6.61,7.33,0,6.13,8.51,10.29,8.75,20.81,13.22,12.14,6.1,24.32,8.01,11.56,8.83,1306.11,1297.75,1308.52,1315.19,1303.95,1312.04,1320.93,1321,1309.04,1305.95,1314.79,1319.76,882.84,877.56,879.54,816.4,876.62,879.42,878.57,873.01,881.05,879.84,878.63,3124.31,3126.16,3127.59,3127.61,3130.46,3127.76,3127.03
64,Shell,Shell_Ala_06,Altanta,USA,33.745103,-84.379487,2,2,931.63,932.9,935.09,938.45,937.54,938.73,939.64,941.95,941.83,940.84,933.93,934.06,936.61,942.23,943.7,722.9,716.34,715.87,716.01,711.99,712.98,713.51,706.69,707.97,706.35,701.96,701.38,700.73,701.39,703.48,703.93,696.62,698.2,697.45,700.53,722.46,722.46,700.87,702.72,704.97,691.65,3039.88,3032.28,3029.92,3037.57,3036.27,3043.01,3044.1,3037.71,3034.4,3021.66,3036.02,3029.42,3034.79,3022.75,3041.71,3034.06,3034.66,3029.62,14.91,12.57,7.35,3.33,6.13,0,14.64,15.43,7.3,20.53,15.56,10.45,0.43,21.68,14.11,5.54,7.14,1311.91,1303.55,1314.3,1320.97,1309.73,1317.81,1326.7,1326.77,1314.85,1311.74,1320.57,1325.53,878.84,873.57,875.53,812.7,872.61,875.39,874.52,868.95,877.06,875.82,874.58,3130.42,3132.27,3133.7,3133.72,3136.57,3133.87,3133.15
65,Shell,Shell_Ala_07,Altanta,USA,33.760517,-84.536728,2,2,939.85,941.1,943.21,946.67,945.68,946.9,947.84,950.11,950,948.93,942.18,942.29,944.83,950.41,951.86,723.77,717.02,716.7,716.89,712.67,713.85,714.44,707.54,708.85,707.22,702.58,702.22,701.63,702.38,704.6,705.1,697.32,699.04,698.42,701.65,723.29,723.29,701.49,703.65,706.01,692.58,3025.24,3017.64,3015.28,3022.93,3021.63,3028.37,3029.46,3023.07,3019.76,3007.02,3021.38,3014.78,3020.15,3008.11,3027.07,3019.42,3020.02,3014.98,19.72,13.86,12.31,15.37,8.51,14.64,0,7.05,15.38,23.77,14.16,17.91,14.59,29.6,0.96,20.04,15.59,1298.13,1289.78,1300.55,1307.23,1296.01,1304.1,1313,1313.06,1301.04,1297.98,1306.83,1311.83,888.28,882.98,884.98,821.43,882.08,884.91,884.08,878.54,886.48,885.31,884.15,3115.81,3117.66,3119.08,3119.11,3121.96,3119.26,3118.53
66,Shell,Shell_Ala_08,Altanta,USA,33.697129,-84.536042,1,2,933.59,934.84,936.92,940.41,939.41,940.63,941.57,943.84,943.73,942.64,935.94,936.04,938.58,944.14,945.59,730.69,723.95,723.62,723.81,719.6,720.77,721.35,714.45,715.77,714.14,709.51,709.14,708.54,709.29,711.49,711.99,704.25,705.96,705.33,708.54,730.21,730.21,708.43,710.56,712.91,699.49,3026.23,3018.61,3016.24,3023.88,3022.58,3029.33,3030.4,3024,3020.68,3007.9,3022.26,3015.76,3021.11,3009.06,3028.01,3020.35,3020.94,3015.87,24.96,19.5,16.39,17.48,10.29,15.43,7.05,0,12.7,29.63,20.49,22.16,15.58,34.31,7.8,19.9,13,1296.61,1288.24,1298.99,1305.65,1294.4,1302.49,1311.37,1311.44,1299.57,1296.43,1305.25,1310.2,893.04,887.75,889.73,826.5,886.82,889.63,888.78,883.23,891.25,890.04,888.85,3117.13,3118.98,3120.4,3120.42,3123.28,3120.57,3119.84
67,Shell,Shell_Ala_09,Altanta,USA,33.681703,-84.400086,2,2,926.23,927.49,929.64,933.05,932.11,933.31,934.23,936.52,936.41,935.39,928.54,928.66,931.21,936.81,938.27,730.17,723.6,723.13,723.28,719.25,720.25,720.78,713.96,715.24,713.62,709.21,708.64,708,708.67,710.76,711.21,703.88,705.47,704.73,707.81,729.73,729.73,708.12,710,712.25,698.93,3038.93,3031.31,3028.93,3036.58,3035.28,3042.02,3043.09,3036.69,3033.37,3020.59,3034.95,3028.46,3033.8,3021.75,3040.7,3033.05,3033.63,3028.56,22.05,18.89,13.72,10.63,8.75,7.3,15.38,12.7,0,27.65,21.52,17.7,7.72,28.91,15.3,8.63,0.33,1308.51,1300.12,1310.86,1317.5,1306.24,1314.32,1323.2,1323.27,1311.49,1308.31,1317.1,1322.02,885.08,879.83,881.77,819.16,878.84,881.6,880.72,875.13,883.31,882.04,880.78,3129.81,3131.66,3133.08,3133.11,3135.96,3133.26,3132.53
68,BP,BP_Ala_01,Altanta,USA,33.929735,-84.379487,1,2,949.96,951.24,953.49,956.79,955.94,957.1,957.99,960.32,960.2,959.27,952.23,952.38,954.95,960.6,962.07,702.67,696.06,695.62,695.78,691.71,692.75,693.29,686.45,687.74,686.11,681.66,681.13,680.5,681.19,683.31,683.77,676.35,677.96,677.24,680.36,702.21,702.21,680.57,682.5,684.78,671.43,3037.24,3029.69,3027.37,3035.02,3033.75,3040.47,3041.62,3035.24,3031.97,3019.35,3033.7,3026.79,3032.25,3020.24,3039.21,3031.57,3032.23,3027.28,5.62,10.14,14.3,17.31,20.81,20.53,23.77,29.63,27.65,0,9.82,10.21,20.1,8.97,22.81,23.17,27.53,1316.61,1308.32,1319.13,1325.85,1314.67,1322.78,1331.71,1331.77,1319.42,1316.53,1325.46,1330.57,864.85,859.54,861.56,797.8,858.66,861.51,860.7,855.18,863.04,861.9,860.77,3126.81,3128.68,3130.11,3130.12,3132.97,3130.28,3129.56
69,BP,BP_Ala_02,Altanta,USA,33.869323,-84.457078,1,2,947.19,948.46,950.65,954.01,953.1,954.29,955.2,957.51,957.39,956.4,949.49,949.62,952.17,957.8,959.26,710.53,703.85,703.48,703.65,699.5,700.61,701.18,694.31,695.61,693.98,689.43,688.99,688.38,689.11,691.28,691.76,684.14,685.82,685.15,688.33,710.06,710.06,688.34,690.39,692.71,679.32,3030.98,3023.42,3021.08,3028.73,3027.45,3034.18,3035.31,3028.92,3025.63,3012.97,3027.32,3020.53,3025.96,3013.94,3032.91,3025.26,3025.9,3020.91,7.37,3.22,8.21,13.22,13.22,15.56,14.16,20.49,21.52,9.82,0,8.98,15.18,17.16,13.21,20.09,21.51,1308.07,1299.77,1310.56,1317.27,1306.07,1314.18,1323.1,1323.16,1310.91,1307.97,1316.87,1321.95,874.67,869.35,871.37,807.61,868.48,871.33,870.52,864.99,872.86,871.72,870.58,3120.92,3122.79,3124.22,3124.23,3127.09,3124.39,3123.67
70,BP,BP_Ala_03,Altanta,USA,33.83853,-84.367128,1,2,940.38,941.66,943.89,947.21,946.33,947.5,948.4,950.72,950.6,949.65,942.66,942.8,945.37,951.01,952.48,712.47,705.9,705.43,705.58,701.55,702.55,703.08,696.26,697.54,695.92,691.51,690.94,690.3,690.97,693.06,693.51,686.18,687.77,687.02,690.11,712.02,712.02,690.42,692.29,694.55,681.22,3039.66,3032.09,3029.74,3037.4,3036.11,3042.84,3043.96,3037.58,3034.28,3021.61,3035.96,3029.2,3034.62,3022.6,3041.56,3033.92,3034.55,3029.55,4.63,6.08,5.79,7.16,12.14,10.45,17.91,22.16,17.7,10.21,8.98,0,10.03,12.18,17.01,13.08,17.56,1315.36,1307.04,1317.82,1324.51,1313.3,1321.4,1330.31,1330.37,1318.24,1315.24,1324.11,1329.15,870.89,865.61,867.59,804.34,864.68,867.49,866.65,861.1,869.1,867.91,866.71,3129.7,3131.56,3132.99,3133.01,3135.86,3133.17,3132.44
71,BP,BP_Ala_04,Altanta,USA,33.748941,-84.379487,2,1,932.01,933.28,935.47,938.83,937.93,939.11,940.02,942.33,942.21,941.22,934.3,934.44,936.99,942.62,944.08,722.48,715.92,715.45,715.59,711.57,712.56,713.09,706.27,707.55,705.93,701.53,700.96,700.31,700.97,703.06,703.51,696.2,697.78,697.03,700.11,722.04,722.04,700.44,702.3,704.55,691.23,3039.82,3032.22,3029.86,3037.51,3036.22,3042.96,3044.05,3037.65,3034.35,3021.61,3035.97,3029.36,3034.74,3022.7,3041.66,3034,3034.61,3029.57,14.48,12.18,6.97,2.91,6.1,0.43,14.59,15.58,7.72,20.1,15.18,10.03,0,21.29,14.05,5.72,7.55,1312.01,1303.64,1314.4,1321.07,1309.83,1317.91,1326.8,1326.87,1314.95,1311.84,1320.67,1325.63,878.55,873.28,875.24,812.38,872.32,875.09,874.23,868.66,876.77,875.53,874.29,3130.34,3132.2,3133.62,3133.64,3136.5,3133.8,3133.07
72,Chevron,Chevron_Ata_01,Altanta,USA,33.92274,-84.282671,1,2,945.31,946.61,948.91,952.14,951.34,952.49,953.36,955.71,955.58,954.71,947.56,947.73,950.3,955.99,957.46,701.95,695.48,694.93,695.06,691.11,692.04,692.54,685.76,687.03,685.4,681.11,680.44,679.77,680.4,682.44,682.87,675.75,677.27,676.47,679.49,701.53,701.53,680.02,681.76,683.97,670.69,3046.2,3038.65,3036.33,3043.98,3042.71,3049.44,3050.58,3044.21,3040.93,3028.32,3042.66,3035.75,3041.21,3029.2,3048.18,3040.54,3041.19,3036.24,10.05,15.98,17.92,18.43,24.32,21.68,29.6,34.31,28.91,8.97,17.16,12.18,21.29,0,28.65,22.15,28.71,1325.11,1316.81,1327.61,1334.33,1323.14,1331.24,1340.16,1340.23,1327.94,1325.02,1333.93,1339.02,858.81,853.51,855.51,792.18,852.6,855.42,854.58,849.04,857.01,855.83,854.65,3135.74,3137.61,3139.04,3139.06,3141.91,3139.22,3138.5
73,Chevron,Chevron_Ata_02,Altanta,USA,33.76705,-84.529863,2,1,940.19,941.45,943.56,947.02,946.04,947.25,948.18,950.46,950.35,949.28,942.53,942.64,945.18,950.76,952.21,722.94,716.19,715.87,716.06,711.85,713.02,713.61,706.7,708.02,706.39,701.75,701.39,700.8,701.55,703.76,704.26,696.5,698.21,697.59,700.81,722.46,722.46,700.67,702.82,705.17,691.74,3025.78,3018.18,3015.82,3023.47,3022.17,3028.91,3030,3023.61,3020.3,3007.57,3021.93,3015.31,3020.69,3008.65,3027.61,3019.96,3020.56,3015.53,18.76,12.9,11.44,14.68,8.01,14.11,0.96,7.8,15.3,22.81,13.21,17.01,14.05,28.65,0,19.57,15.5,1298.91,1290.57,1301.34,1308.02,1296.8,1304.89,1313.79,1313.85,1301.82,1298.77,1307.62,1312.63,887.32,882.02,884.02,820.47,881.12,883.95,883.12,877.59,885.52,884.35,883.19,3116.3,3118.16,3119.58,3119.6,3122.46,3119.76,3119.03
74,Chevron,Chevron_Ata_03,Altanta,USA,33.726512,-84.323869,1,2,927.46,928.73,930.95,934.28,933.4,934.57,935.47,937.79,937.67,936.71,929.74,929.88,932.44,938.08,939.54,724.1,717.62,717.08,717.21,713.26,714.18,714.69,707.9,709.17,707.55,703.25,702.59,701.92,702.55,704.59,705.01,697.89,699.42,698.62,701.64,723.67,723.67,702.16,703.9,706.12,692.84,3045.25,3037.65,3035.28,3042.93,3041.63,3048.37,3049.46,3043.07,3039.75,3027.01,3041.37,3034.79,3040.16,3028.11,3047.07,3039.42,3040.02,3034.97,17.7,16.92,12.06,6.88,11.56,5.54,20.04,19.9,8.63,23.17,20.09,13.08,5.72,22.15,19.57,0,8.32,1316.47,1308.1,1318.85,1325.5,1314.25,1322.33,1331.21,1331.28,1319.44,1316.29,1325.1,1330.04,876.54,871.29,873.23,810.72,870.3,873.05,872.16,866.57,874.77,873.5,872.23,3135.85,3137.7,3139.12,3139.15,3142,3139.3,3138.57
75,Chevron,Chevron_Ata_04,Altanta,USA,33.682529,-84.396654,2,1,926.16,927.42,929.58,932.99,932.05,933.24,934.17,936.46,936.35,935.32,928.48,928.6,931.15,936.75,938.21,730.03,723.46,722.99,723.14,719.11,720.11,720.64,713.82,715.1,713.47,709.07,708.5,707.85,708.52,710.61,711.06,703.74,705.33,704.58,707.66,729.58,729.58,707.98,709.85,712.1,698.78,3039.23,3031.61,3029.23,3036.88,3035.58,3042.32,3043.39,3037,3033.67,3020.9,3035.26,3028.76,3034.11,3022.06,3041.01,3033.35,3033.94,3028.87,21.93,18.85,13.66,10.46,8.83,7.14,15.59,13,0.33,27.53,21.51,17.56,7.55,28.71,15.5,8.32,0,1308.84,1300.45,1311.19,1317.83,1306.57,1314.65,1323.53,1323.6,1311.82,1308.64,1317.43,1322.35,884.79,879.53,881.47,818.88,878.55,881.3,880.42,874.84,883.01,881.75,880.49,3130.1,3131.96,3133.38,3133.4,3136.26,3133.55,3132.82
76,Shell,Shell_Aus_01,Austin,USA,30.404037,-97.745891,1,2,1782.82,1782.63,1779.6,1787.44,1782.46,1784.84,1787.12,1786.86,1787.31,1781.91,1786.5,1785.11,1786.23,1787.46,1788.05,1720.48,1708.9,1714.37,1715.89,1706.31,1713.42,1715.82,1708.08,1710.15,1708.74,1697,1704.27,1705.76,1709.35,1715.16,1717.44,1696.02,1701.82,1705.85,1713.01,1718.66,1718.66,1696.41,1708.16,1713.35,1700.1,1862.45,1853.24,1849.61,1856.83,1854.8,1861.83,1860.88,1854.2,1849.82,1833.34,1847.57,1851.86,1854.11,1841.29,1859.09,1851.26,1850.08,1842.22,1315.42,1309.84,1310.24,1313.37,1306.11,1311.91,1298.13,1296.61,1308.51,1316.61,1308.07,1315.36,1312.01,1325.11,1298.91,1316.47,1308.84,0,9.71,8.79,15.35,16.12,18.8,25.13,24.87,9.23,5.88,15.24,26.07,2115.29,2109.4,2112.43,2035.23,2110.09,2114.1,2114.28,2109.87,2113.1,2113.68,2114.38,1985.86,1987.16,1988.21,1988.57,1991.57,1988.45,1987.51
77,Shell,Shell_Aus_02,Austin,USA,30.388046,-97.646328,1,2,1773.1,1772.91,1769.89,1777.73,1772.74,1775.13,1777.41,1777.15,1777.59,1772.2,1776.78,1775.4,1776.52,1777.74,1778.34,1714.73,1703.15,1708.6,1710.11,1700.55,1707.63,1710.02,1702.28,1704.35,1702.93,1691.22,1698.46,1699.93,1703.51,1709.31,1711.58,1690.21,1695.99,1700,1707.15,1712.91,1712.91,1690.62,1702.33,1707.52,1694.23,1872.15,1862.94,1859.31,1866.53,1864.5,1871.53,1870.59,1863.9,1859.53,1843.05,1857.27,1861.56,1863.82,1850.99,1868.8,1860.96,1859.79,1851.93,1307.11,1301.53,1301.9,1305.02,1297.75,1303.55,1289.78,1288.24,1300.12,1308.32,1299.77,1307.04,1303.64,1316.81,1290.57,1308.1,1300.45,9.71,0,11.31,18.93,12.61,19.19,27.75,27.6,17.74,8.25,18.62,27.91,2108.18,2102.3,2105.32,2028.21,2102.97,2106.97,2107.14,2102.72,2105.99,2106.55,2107.23,1995.5,1996.81,1997.86,1998.22,2001.22,1998.1,1997.16
78,Shell,Shell_Aus_03,Austin,USA,30.325241,-97.739025,1,2,1780.54,1780.34,1777.29,1785.15,1780.14,1782.53,1784.81,1784.54,1784.98,1779.57,1784.22,1782.83,1783.94,1785.13,1785.72,1725.99,1714.41,1719.87,1721.38,1711.82,1718.9,1721.29,1713.55,1715.62,1714.2,1702.48,1709.73,1711.2,1714.78,1720.58,1722.86,1701.48,1707.26,1711.28,1718.43,1724.17,1724.17,1701.89,1713.6,1718.79,1705.51,1865.19,1855.95,1852.3,1859.51,1857.47,1864.5,1863.52,1856.83,1852.44,1835.89,1850.11,1854.61,1856.8,1843.97,1861.74,1853.91,1852.7,1844.79,1317.9,1312.32,1312.68,1315.79,1308.52,1314.3,1300.55,1298.99,1310.86,1319.13,1310.56,1317.82,1314.4,1327.61,1301.34,1318.85,1311.19,8.79,11.31,0,7.73,8.82,10.02,17.14,16.93,17.23,3.63,7.47,17.75,2119.43,2113.55,2116.57,2039.48,2114.22,2118.22,2118.39,2113.96,2117.25,2117.8,2118.48,1989.09,1990.38,1991.43,1991.8,1994.79,1991.67,1990.72
79,Shell,Shell_Aus_04,Austin,USA,30.271291,-97.789837,2,2,1784.25,1784.05,1780.97,1788.84,1783.82,1786.21,1788.5,1788.21,1788.66,1783.22,1787.93,1786.53,1787.63,1788.8,1789.38,1733.66,1722.08,1727.53,1729.04,1719.48,1726.56,1728.95,1721.21,1723.28,1721.86,1710.15,1717.38,1718.86,1722.43,1728.24,1730.51,1709.14,1714.91,1718.93,1726.08,1731.84,1731.84,1709.55,1721.25,1726.44,1713.16,1861.92,1852.66,1849,1856.2,1854.14,1861.17,1860.16,1853.47,1849.06,1832.47,1846.67,1851.34,1853.48,1840.65,1858.39,1850.56,1849.32,1841.37,1324.61,1319.02,1319.36,1322.46,1315.19,1320.97,1307.23,1305.65,1317.5,1325.85,1317.27,1324.51,1321.07,1334.33,1308.02,1325.5,1317.83,15.35,18.93,7.73,0,11.81,6.32,9.78,9.51,22.05,11.28,0.43,10.85,2126.77,2120.89,2123.91,2046.85,2121.56,2125.55,2125.71,2121.29,2124.59,2125.14,2125.81,1986.24,1987.52,1988.57,1988.94,1991.94,1988.8,1987.86
80,Shell,Shell_Aus_05,Austin,USA,30.276035,-97.666927,1,2,1772.74,1772.54,1769.47,1777.33,1772.32,1774.7,1776.99,1776.71,1777.16,1771.73,1776.42,1775.02,1776.13,1777.3,1777.89,1724.72,1713.15,1718.57,1720.08,1710.54,1717.59,1719.97,1712.22,1714.29,1712.87,1701.18,1708.38,1709.84,1713.41,1719.2,1721.46,1700.14,1705.9,1709.89,1717.03,1722.91,1722.91,1700.58,1712.24,1717.42,1704.11,1873.24,1863.99,1860.33,1867.53,1865.48,1872.52,1871.52,1864.83,1860.43,1843.85,1858.07,1862.66,1864.82,1851.99,1869.74,1861.91,1860.68,1852.76,1313.41,1307.81,1308.14,1311.23,1303.95,1309.73,1296.01,1294.4,1306.24,1314.67,1306.07,1313.3,1309.83,1323.14,1296.8,1314.25,1306.57,16.12,12.61,8.82,11.81,0,8.29,17.49,17.47,25.26,10.3,11.39,16.96,2116.55,2110.68,2113.68,2036.71,2111.33,2115.31,2115.46,2111.02,2114.37,2114.91,2115.56,1997.34,1998.62,1999.67,2000.04,2003.03,1999.91,1998.96
81,Shell,Shell_Aus_06,Austin,USA,30.23511,-97.739025,1,2,1778.73,1778.52,1775.44,1783.31,1778.28,1780.67,1782.96,1782.67,1783.12,1777.68,1782.41,1781.01,1782.11,1783.26,1783.84,1732.87,1721.31,1726.73,1728.24,1718.69,1725.75,1728.14,1720.38,1722.46,1721.04,1709.34,1716.55,1718.01,1721.58,1727.37,1729.64,1708.31,1714.07,1718.07,1725.2,1731.06,1731.06,1708.74,1720.41,1725.59,1712.29,1867.64,1858.38,1854.7,1861.9,1859.84,1866.87,1865.85,1859.16,1854.74,1838.12,1852.33,1857.07,1859.19,1846.35,1864.08,1856.25,1855,1847.03,1321.51,1315.91,1316.24,1319.32,1312.04,1317.81,1304.1,1302.49,1314.32,1322.78,1314.18,1321.4,1317.91,1331.24,1304.89,1322.33,1314.65,18.8,19.19,10.02,6.32,8.29,0,9.21,9.19,26.8,13.4,6,8.85,2124.84,2118.96,2121.97,2045,2119.61,2123.59,2123.75,2119.31,2122.66,2123.19,2123.84,1992.11,1993.39,1994.43,1994.8,1997.8,1994.67,1993.72
82,Shell,Shell_Aus_07,Austin,USA,30.186452,-97.816616,2,2,1785.12,1784.9,1781.79,1789.67,1784.64,1787.03,1789.32,1789.02,1789.47,1784.02,1788.8,1787.39,1788.48,1789.61,1790.18,1742.01,1730.44,1735.87,1737.38,1727.83,1734.89,1737.27,1729.52,1731.6,1730.18,1718.48,1725.69,1727.16,1730.73,1736.52,1738.78,1717.45,1723.22,1727.21,1734.35,1740.19,1740.19,1717.88,1729.56,1734.74,1721.44,1861.77,1852.48,1848.79,1855.97,1853.9,1860.94,1859.88,1853.19,1848.76,1832.09,1846.28,1851.19,1853.26,1840.42,1858.12,1850.29,1849.01,1841.01,1330.43,1324.83,1325.14,1328.21,1320.93,1326.7,1313,1311.37,1323.2,1331.71,1323.1,1330.31,1326.8,1340.16,1313.79,1331.21,1323.53,25.13,27.75,17.14,9.78,17.49,9.21,0,0.39,31.45,20.76,9.9,2.26,2134.04,2128.16,2131.17,2054.2,2128.81,2132.79,2132.94,2128.5,2131.85,2132.39,2133.04,1986.66,1987.93,1988.97,1989.34,1992.34,1989.21,1988.26
83,Shell,Shell_Aus_08,Austin,USA,30.18943,-97.818676,2,2,1785.37,1785.16,1782.05,1789.93,1784.89,1787.28,1789.58,1789.27,1789.72,1784.27,1789.05,1787.65,1788.73,1789.86,1790.44,1741.92,1730.35,1735.79,1737.29,1727.74,1734.81,1737.19,1729.44,1731.51,1730.1,1718.39,1725.61,1727.08,1730.65,1736.44,1738.71,1717.37,1723.14,1727.14,1734.27,1740.11,1740.11,1717.8,1729.48,1734.66,1721.36,1861.49,1852.2,1848.51,1855.7,1853.63,1860.66,1859.61,1852.92,1848.49,1831.82,1846.02,1850.92,1852.99,1840.15,1857.85,1850.02,1848.74,1840.74,1330.49,1324.89,1325.2,1328.28,1321,1326.77,1313.06,1311.44,1323.27,1331.77,1323.16,1330.37,1326.87,1340.23,1313.85,1331.28,1323.6,24.87,27.6,16.93,9.51,17.47,9.19,0.39,0,31.13,20.55,9.65,2.62,2134.02,2128.15,2131.15,2054.18,2128.8,2132.78,2132.93,2128.49,2131.84,2132.38,2133.03,1986.37,1987.64,1988.68,1989.05,1992.05,1988.92,1987.97
84,Chevron,Chevron_Aus_01,Austin,USA,30.469159,-97.80563,1,2,1789.81,1789.63,1786.63,1794.46,1789.48,1791.86,1794.14,1793.89,1794.33,1788.95,1793.49,1792.11,1793.24,1794.48,1795.08,1719.75,1708.15,1713.66,1715.19,1705.59,1712.73,1715.13,1707.4,1709.48,1708.07,1696.3,1703.62,1705.12,1708.72,1714.55,1716.84,1695.36,1701.17,1705.24,1712.41,1717.92,1717.92,1695.72,1707.51,1712.72,1699.49,1855.18,1845.98,1842.36,1849.6,1847.57,1854.6,1853.68,1847,1842.64,1826.19,1840.43,1844.59,1846.88,1834.06,1851.88,1844.05,1842.89,1835.07,1318.26,1312.7,1313.13,1316.3,1309.04,1314.85,1301.04,1299.57,1311.49,1319.42,1310.91,1318.24,1314.95,1327.94,1301.82,1319.44,1311.82,9.23,17.74,17.23,22.05,25.26,26.8,31.45,31.13,0,14.96,22.09,32.83,2116.27,2110.38,2113.42,2036.1,2111.09,2115.11,2115.31,2110.92,2114.08,2114.68,2115.4,1978.25,1979.56,1980.62,1980.98,1983.97,1980.85,1979.92
85,Chevron,Chevron_Aus_02,Austin,USA,30.354871,-97.723232,1,2,1779.66,1779.47,1776.43,1784.27,1779.28,1781.66,1783.95,1783.68,1784.12,1778.71,1783.34,1781.95,1783.06,1784.27,1784.86,1722.63,1711.05,1716.51,1718.02,1708.46,1715.55,1717.94,1710.2,1712.27,1710.85,1699.13,1706.38,1707.86,1711.44,1717.24,1719.52,1698.13,1703.91,1707.93,1715.09,1720.81,1720.81,1698.54,1710.25,1715.44,1702.17,1865.87,1856.64,1853,1860.22,1858.17,1865.21,1864.24,1857.55,1853.17,1836.65,1850.87,1855.28,1857.5,1844.67,1862.46,1854.62,1853.42,1845.54,1315.31,1309.73,1310.1,1313.22,1305.95,1311.74,1297.98,1296.43,1308.31,1316.53,1307.97,1315.24,1311.84,1325.02,1298.77,1316.29,1308.64,5.88,8.25,3.63,11.28,10.3,13.4,20.76,20.55,14.96,0,11.04,21.36,2116.38,2110.5,2113.52,2036.4,2111.18,2115.17,2115.35,2110.93,2114.2,2114.76,2115.44,1989.55,1990.85,1991.9,1992.26,1995.26,1992.14,1991.2
86,Chevron,Chevron_Aus_03,Austin,USA,30.271291,-97.785404,2,1,1783.83,1783.63,1780.55,1788.42,1783.4,1785.79,1788.08,1787.79,1788.24,1782.81,1787.52,1786.12,1787.22,1788.38,1788.96,1733.35,1721.77,1727.22,1728.73,1719.17,1726.25,1728.64,1720.89,1722.97,1721.55,1709.83,1717.07,1718.54,1722.12,1727.92,1730.19,1708.83,1714.6,1718.61,1725.76,1731.53,1731.53,1709.24,1720.94,1726.13,1712.84,1862.34,1853.08,1849.41,1856.61,1854.55,1861.59,1860.57,1853.89,1849.48,1832.88,1847.09,1851.76,1853.9,1841.06,1858.8,1850.97,1849.73,1841.79,1324.21,1318.62,1318.96,1322.06,1314.79,1320.57,1306.83,1305.25,1317.1,1325.46,1316.87,1324.11,1320.67,1333.93,1307.62,1325.1,1317.43,15.24,18.62,7.47,0.43,11.39,6,9.9,9.65,22.09,11.04,0,10.89,2126.41,2120.54,2123.55,2046.49,2121.2,2125.19,2125.35,2120.93,2124.23,2124.78,2125.45,1986.65,1987.93,1988.97,1989.34,1992.34,1989.21,1988.27
87,Chevron,Chevron_Aus_04,Austin,USA,30.173987,-97.798077,1,2,1783.12,1782.91,1779.79,1787.68,1782.64,1785.03,1787.32,1787.01,1787.47,1782.01,1786.81,1785.4,1786.48,1787.61,1788.18,1741.67,1730.1,1735.53,1737.03,1727.49,1734.55,1736.93,1729.17,1731.24,1729.82,1718.13,1725.33,1726.8,1730.36,1736.15,1738.42,1717.1,1722.86,1726.85,1733.98,1739.86,1739.86,1717.53,1729.2,1734.38,1721.07,1863.84,1854.55,1850.85,1858.04,1855.96,1863,1861.94,1855.25,1850.82,1834.14,1848.33,1853.26,1855.33,1842.48,1860.18,1852.35,1851.07,1843.06,1329.28,1323.67,1323.98,1327.04,1319.76,1325.53,1311.83,1310.2,1322.02,1330.57,1321.95,1329.15,1325.63,1339.02,1312.63,1330.04,1322.35,26.07,27.91,17.75,10.85,16.96,8.85,2.26,2.62,32.83,21.36,10.89,0,2133.29,2127.42,2130.42,2053.48,2128.06,2132.04,2132.19,2127.74,2131.11,2131.64,2132.28,1988.78,1990.05,1991.09,1991.46,1994.46,1991.33,1990.38
88,Shell,Shell_DC_01,DC,USA,38.965474,-77.002608,1,2,1448.42,1450.32,1455.78,1454.07,1456.86,1456.56,1455.97,1459.36,1458.84,1461.83,1448.59,1449.9,1452.52,1459.28,1460.82,527.63,537.19,529.04,527.06,536.42,527.47,524.64,528.7,527.06,527.44,539.49,528.81,526.1,521.71,515.56,512.76,535.7,529.17,522.8,515.7,529.74,529.74,539.24,524.69,519.59,525.31,3652.19,3646.21,3644.97,3652.62,3651.98,3658.19,3660.87,3654.99,3652.68,3643.54,3657.38,3642.28,3649.92,3639.04,3658.1,3650.93,3652.94,3650.4,868.56,874.43,876.68,876.06,882.84,878.84,888.28,893.04,885.08,864.85,874.67,870.89,878.55,858.81,887.32,876.54,884.79,2115.29,2108.18,2119.43,2126.77,2116.55,2124.84,2134.04,2134.02,2116.27,2116.38,2126.41,2133.29,0,5.96,3.42,84.32,6.61,7.41,10.66,15.99,2.38,4.95,10.74,3712.83,3715.03,3716.66,3716.42,3719.04,3716.78,3716.26
89,Shell,Shell_DC_02,DC,USA,38.955062,-77.070243,1,2,1446.02,1447.93,1453.37,1451.69,1454.46,1454.17,1453.58,1456.98,1456.46,1459.43,1446.21,1447.52,1450.13,1456.9,1458.43,522.35,531.87,523.72,521.74,531.08,522.14,519.31,523.34,521.7,522.07,534.1,523.42,520.71,516.32,510.17,507.38,530.29,523.77,517.39,510.31,524.46,524.46,533.85,519.31,514.22,519.87,3646.38,3640.41,3639.16,3646.81,3646.17,3652.38,3655.06,3649.18,3646.87,3637.72,3651.56,3636.48,3644.12,3633.23,3652.29,3645.11,3647.13,3644.58,863.26,869.13,871.39,870.79,877.56,873.57,882.98,887.75,879.83,859.54,869.35,865.61,873.28,853.51,882.02,871.29,879.53,2109.4,2102.3,2113.55,2120.89,2110.68,2118.96,2128.16,2128.15,2110.38,2110.5,2120.54,2127.42,5.96,0,4.15,78.44,5.09,9.51,12.55,15.99,3.69,7.07,12.66,3707.09,3709.29,3710.93,3710.69,3713.3,3711.05,3710.52
90,Shell,Shell_DC_03,DC,USA,38.940644,-77.025954,1,2,1445.28,1447.19,1452.64,1450.94,1453.72,1453.43,1452.84,1456.23,1455.71,1458.69,1445.46,1446.77,1449.38,1456.15,1457.68,526.48,535.99,527.85,525.86,535.2,526.26,523.43,527.45,525.82,526.18,538.2,527.53,524.82,520.43,514.28,511.49,534.39,527.87,521.49,514.41,528.59,528.59,537.96,523.42,518.33,523.97,3650.27,3644.29,3643.04,3650.69,3650.05,3656.26,3658.94,3653.05,3650.74,3641.58,3655.43,3640.37,3648,3637.11,3656.17,3648.99,3651,3648.45,865.26,871.14,873.38,872.76,879.54,875.53,884.98,889.73,881.77,861.56,871.37,867.59,875.24,855.51,884.02,873.23,881.47,2112.43,2105.32,2116.57,2123.91,2113.68,2121.97,2131.17,2131.15,2113.42,2113.52,2123.55,2130.42,3.42,4.15,0,82.23,3.21,5.68,8.92,13.4,2.88,3.06,9.02,3711.04,3713.24,3714.87,3714.63,3717.25,3715,3714.47
91,Shell,Shell_DC_04,DC,USA,38.928893,-77.976556,1,2,1428.78,1430.65,1435.88,1434.64,1437.11,1436.96,1436.5,1439.84,1439.36,1442,1429.16,1430.38,1433.03,1439.8,1441.35,448.61,457.74,449.6,447.63,456.73,447.87,445.07,448.74,447.17,447.46,459.25,448.56,445.82,441.47,435.43,432.66,455.2,448.75,442.35,435.42,450.69,450.69,458.95,444.52,439.55,444.56,3568.13,3562.14,3560.89,3568.54,3567.89,3574.11,3576.78,3570.89,3568.57,3559.39,3573.25,3558.22,3565.84,3554.95,3574.01,3566.83,3568.83,3566.27,801.77,807.57,810.1,809.81,816.4,812.7,821.43,826.5,819.16,797.8,807.61,804.34,812.38,792.18,820.47,810.72,818.88,2035.23,2028.21,2039.48,2046.85,2036.71,2045,2054.2,2054.18,2036.1,2036.4,2046.49,2053.48,84.32,78.44,82.23,0,80.83,85.75,87.24,85.27,81.96,84.38,87.36,3629.17,3631.36,3633,3632.76,3635.38,3633.12,3632.59
92,Shell,Shell_DC_05,DC,USA,38.914736,-77.042434,1,2,1442.16,1444.07,1449.52,1447.82,1450.6,1450.31,1449.72,1453.11,1452.59,1455.57,1442.34,1443.65,1446.26,1453.03,1454.56,525.94,535.42,527.27,525.29,534.6,525.67,522.84,526.82,525.2,525.55,537.55,526.87,524.15,519.77,513.64,510.85,533.7,527.19,520.81,513.75,528.05,528.05,537.29,522.77,517.69,523.25,3648.95,3642.97,3641.71,3649.37,3648.72,3654.93,3657.6,3651.71,3649.4,3640.22,3654.07,3639.04,3646.67,3635.77,3654.83,3647.65,3649.66,3647.1,862.36,868.23,870.47,869.84,876.62,872.61,882.08,886.82,878.84,858.66,868.48,864.68,872.32,852.6,881.12,870.3,878.55,2110.09,2102.97,2114.22,2121.56,2111.33,2119.61,2128.81,2128.8,2111.09,2111.18,2121.2,2128.06,6.61,5.09,3.21,80.83,0,5.14,7.74,10.94,5.84,3.63,7.87,3709.85,3712.05,3713.69,3713.45,3716.07,3713.81,3713.28
93,Shell,Shell_DC_06,DC,USA,38.900043,-76.986129,1,2,1441.63,1443.54,1449.01,1447.27,1450.08,1449.77,1449.17,1452.57,1452.05,1455.05,1441.79,1443.11,1445.72,1452.49,1454.02,531.08,540.55,532.41,530.42,539.73,530.8,527.97,531.95,530.33,530.68,542.67,532,529.28,524.9,518.76,515.97,538.83,532.31,525.93,518.87,533.19,533.19,542.42,527.89,522.82,528.37,3653.88,3647.89,3646.63,3654.29,3653.64,3659.85,3662.52,3656.63,3654.32,3645.13,3658.98,3643.97,3651.59,3640.69,3659.75,3652.57,3654.57,3652.01,865.19,871.07,873.28,872.62,879.42,875.39,884.91,889.63,881.6,861.51,871.33,867.49,875.09,855.42,883.95,873.05,881.3,2114.1,2106.97,2118.22,2125.55,2115.31,2123.59,2132.79,2132.78,2115.11,2115.17,2125.19,2132.04,7.41,9.51,5.68,85.75,5.14,0,3.3,8.81,8.3,2.67,3.39,3714.84,3717.04,3718.68,3718.44,3721.06,3718.8,3718.27
94,Shell,Shell_DC_07,DC,USA,38.872784,-76.971023,2,2,1438.97,1440.87,1446.35,1444.6,1447.41,1447.11,1446.5,1449.9,1449.38,1452.39,1439.12,1440.44,1443.05,1449.82,1451.35,533.22,542.67,534.52,532.54,541.82,532.9,530.07,534.01,532.4,532.74,544.72,534.04,531.32,526.94,520.82,518.03,540.84,534.34,527.95,520.91,535.33,535.33,544.45,529.94,524.88,530.36,3655.31,3649.31,3648.05,3655.7,3655.05,3661.27,3663.93,3658.04,3655.71,3646.51,3660.37,3645.39,3653,3642.1,3661.16,3653.98,3655.97,3653.4,864.36,870.24,872.44,871.76,878.57,874.52,884.08,888.78,880.72,860.7,870.52,866.65,874.23,854.58,883.12,872.16,880.42,2114.28,2107.14,2118.39,2125.71,2115.46,2123.75,2132.94,2132.93,2115.31,2115.35,2125.35,2132.19,10.66,12.55,8.92,87.24,7.74,3.3,0,6.25,11.59,5.96,0.13,3716.4,3718.6,3720.23,3719.99,3722.61,3720.35,3719.82
95,Shell,Shell_DC_08,DC,USA,38.821713,-77.001235,1,2,1432.85,1434.75,1440.22,1438.49,1441.29,1440.99,1440.39,1443.79,1443.26,1446.27,1433.01,1434.33,1436.94,1443.7,1445.24,532.45,541.81,533.66,531.68,540.92,532.01,529.19,533.05,531.45,531.78,543.69,533.01,530.28,525.92,519.82,517.04,539.76,533.28,526.88,519.88,534.55,534.55,543.42,528.93,523.89,529.22,3652.92,3646.91,3645.63,3653.29,3652.63,3658.86,3661.5,3655.61,3653.28,3644.04,3657.91,3643,3650.59,3639.67,3658.74,3651.55,3653.53,3650.94,858.83,864.71,866.89,866.2,873.01,868.95,878.54,883.23,875.13,855.18,864.99,861.1,868.66,849.04,877.59,866.57,874.84,2109.87,2102.72,2113.96,2121.29,2111.02,2119.31,2128.5,2128.49,2110.92,2110.93,2120.93,2127.74,15.99,15.99,13.4,85.27,10.94,8.81,6.25,0,16.28,11.04,6.26,3714.27,3716.47,3718.1,3717.87,3720.49,3718.22,3717.69
96,BP,BP_DC_01,DC,USA,38.966374,-77.030075,1,2,1448,1449.9,1455.36,1453.65,1456.44,1456.14,1455.55,1458.95,1458.43,1461.41,1448.17,1449.49,1452.1,1458.87,1460.4,525.32,534.87,526.73,524.74,534.1,525.16,522.32,526.38,524.74,525.11,537.16,526.48,523.77,519.39,513.23,510.43,533.37,526.84,520.47,513.37,527.44,527.44,536.91,522.37,517.26,522.97,3649.81,3643.84,3642.59,3650.25,3649.6,3655.81,3658.49,3652.61,3650.31,3641.16,3655.01,3639.91,3647.55,3636.66,3655.72,3648.55,3650.56,3648.03,866.76,872.63,874.88,874.28,881.05,877.06,886.48,891.25,883.31,863.04,872.86,869.1,876.77,857.01,885.52,874.77,883.01,2113.1,2105.99,2117.25,2124.59,2114.37,2122.66,2131.85,2131.84,2114.08,2114.2,2124.23,2131.11,2.38,3.69,2.88,81.96,5.84,8.3,11.59,16.28,0,5.63,11.69,3710.45,3712.65,3714.29,3714.05,3716.66,3714.41,3713.88
97,BP,BP_DC_02,DC,USA,38.92098,-77.001236,1,2,1443.62,1445.52,1450.99,1449.26,1452.06,1451.76,1451.16,1454.56,1454.04,1457.03,1443.78,1445.1,1447.71,1454.47,1456.01,529.15,538.65,530.5,528.52,537.84,528.91,526.08,530.08,528.45,528.81,540.82,530.14,527.43,523.05,516.9,514.11,536.99,530.47,524.09,517.03,531.26,531.26,540.57,526.04,520.95,526.55,3652.49,3646.5,3645.25,3652.9,3652.26,3658.47,3661.14,3655.26,3652.94,3643.77,3657.62,3642.58,3650.2,3639.31,3658.37,3651.19,3653.2,3650.64,865.59,871.47,873.69,873.05,879.84,875.82,885.31,890.04,882.04,861.9,871.72,867.91,875.53,855.83,884.35,873.5,881.75,2113.68,2106.55,2117.8,2125.14,2114.91,2123.19,2132.39,2132.38,2114.68,2114.76,2124.78,2131.64,4.95,7.07,3.06,84.38,3.63,2.67,5.96,11.04,5.63,0,6.06,3713.35,3715.55,3717.18,3716.94,3719.56,3717.3,3716.78
98,BP,BP_DC_03,DC,USA,38.872349,-76.96965,2,1,1438.94,1440.85,1446.33,1444.58,1447.39,1447.08,1446.48,1449.88,1449.36,1452.37,1439.1,1440.42,1443.03,1449.79,1451.33,533.35,542.79,534.64,532.66,541.95,533.03,530.2,534.14,532.53,532.87,544.84,534.16,531.44,527.07,520.94,518.16,540.97,534.47,528.08,521.04,535.46,535.46,544.58,530.07,525,530.49,3655.43,3649.43,3648.17,3655.82,3655.17,3661.39,3664.05,3658.16,3655.83,3646.63,3660.49,3645.52,3653.12,3642.22,3661.28,3654.1,3656.09,3653.52,864.43,870.31,872.5,871.83,878.63,874.58,884.15,888.85,880.78,860.77,870.58,866.71,874.29,854.65,883.19,872.23,880.49,2114.38,2107.23,2118.48,2125.81,2115.56,2123.84,2133.04,2133.03,2115.4,2115.44,2125.45,2132.28,10.74,12.66,9.02,87.36,7.87,3.39,0.13,6.26,11.69,6.06,0,3716.52,3718.72,3720.35,3720.12,3722.74,3720.48,3719.94
99,Shell,Shell_SM_01,Santa Monica,USA,34.044664,-118.453633,1,2,3762.73,3762.66,3760,3767.65,3762.88,3765.22,3767.45,3767.39,3767.8,3762.63,3766.38,3765.09,3766.36,3767.97,3768.65,3197.63,3186.76,3194.67,3196.65,3186.59,3195.59,3198.49,3193.11,3194.97,3194.29,3181.6,3191.99,3194.53,3198.95,3205.38,3208.2,3184.35,3191.06,3197.18,3204.69,3195.45,3195.45,3181.63,3196.28,3201.71,3193.73,167.45,177.84,183.7,180.47,183.89,178.86,185.71,190.39,196.18,217.3,209.75,174.65,181.95,192.25,184.84,189.95,196.06,209.32,3127.91,3123.62,3126.06,3130.59,3124.31,3130.42,3115.81,3117.13,3129.81,3126.81,3120.92,3129.7,3130.34,3135.74,3116.3,3135.85,3130.1,1985.86,1995.5,1989.09,1986.24,1997.34,1992.11,1986.66,1986.37,1978.25,1989.55,1986.65,1988.78,3712.83,3707.09,3711.04,3629.17,3709.85,3714.84,3716.4,3714.27,3710.45,3713.35,3716.52,0,2.65,4.51,3.76,6.22,4.48,4.65
100,Shell,Shell_SM_02,Santa Monica,USA,34.025234,-118.470284,2,2,3764.15,3764.08,3761.41,3769.07,3764.3,3766.64,3768.86,3768.81,3769.21,3764.04,3767.8,3766.51,3767.78,3769.39,3770.06,3199.88,3189.01,3196.92,3198.89,3188.84,3197.84,3200.73,3195.35,3197.22,3196.53,3183.84,3194.23,3196.77,3201.19,3207.62,3210.44,3186.59,3193.3,3199.42,3206.93,3197.7,3197.7,3183.87,3198.52,3203.96,3195.96,166.94,177.36,183.21,179.88,183.29,178.2,184.98,189.72,195.52,216.68,208.98,174.25,181.4,191.8,184.15,189.34,195.4,208.64,3129.78,3125.48,3127.92,3132.45,3126.16,3132.27,3117.66,3118.98,3131.66,3128.68,3122.79,3131.56,3132.2,3137.61,3118.16,3137.7,3131.96,1987.16,1996.81,1990.38,1987.52,1998.62,1993.39,1987.93,1987.64,1979.56,1990.85,1987.93,1990.05,3715.03,3709.29,3713.24,3631.36,3712.05,3717.04,3718.6,3716.47,3712.65,3715.55,3718.72,2.65,0,1.87,1.45,4.42,1.86,2.07
101,Shell,Shell_SM_03,Santa Monica,USA,34.012429,-118.483416,2,2,3765.29,3765.22,3762.55,3770.21,3765.43,3767.78,3770,3769.94,3770.35,3765.17,3768.94,3767.65,3768.92,3770.52,3771.2,3201.55,3190.68,3198.58,3200.56,3190.51,3199.5,3202.4,3197.02,3198.88,3198.19,3185.5,3195.89,3198.43,3202.86,3209.28,3212.1,3188.25,3194.96,3201.08,3208.59,3199.37,3199.37,3185.54,3200.18,3205.62,3197.62,166.77,177.21,183.05,179.65,183.06,177.91,184.64,189.43,195.24,216.42,208.62,174.16,181.19,191.67,183.85,189.09,195.11,208.34,3131.21,3126.91,3129.34,3133.87,3127.59,3133.7,3119.08,3120.4,3133.08,3130.11,3124.22,3132.99,3133.62,3139.04,3119.58,3139.12,3133.38,1988.21,1997.86,1991.43,1988.57,1999.67,1994.43,1988.97,1988.68,1980.62,1991.9,1988.97,1991.09,3716.66,3710.93,3714.87,3633,3713.69,3718.68,3720.23,3718.1,3714.29,3717.18,3720.35,4.51,1.87,0,1.3,3.63,0.31,0.86
102,Chevron,Chevron_SM_01,Santa Monica,USA,34.023951,-118.485905,2,1,3765.58,3765.51,3762.85,3770.5,3765.73,3768.07,3770.3,3770.24,3770.64,3765.47,3769.23,3767.94,3769.21,3770.82,3771.49,3201.26,3190.4,3198.3,3200.28,3190.22,3199.22,3202.12,3196.74,3198.6,3197.91,3185.22,3195.61,3198.15,3202.58,3209,3211.82,3187.98,3194.68,3200.81,3208.31,3199.08,3199.08,3185.26,3199.91,3205.34,3197.35,167.84,178.28,184.12,180.75,184.16,179.03,185.78,190.55,196.36,217.52,209.76,175.2,182.28,192.73,184.97,190.2,196.23,209.46,3131.22,3126.93,3129.36,3133.89,3127.61,3133.72,3119.11,3120.42,3133.11,3130.12,3124.23,3133.01,3133.64,3139.06,3119.6,3139.15,3133.4,1988.57,1998.22,1991.8,1988.94,2000.04,1994.8,1989.34,1989.05,1980.98,1992.26,1989.34,1991.46,3716.42,3710.69,3714.63,3632.76,3713.45,3718.44,3719.99,3717.87,3714.05,3716.94,3720.12,3.76,1.45,1.3,0,3,1.06,2.04
103,Chevron,Chevron_SM_02,Santa Monica,USA,34.028006,-118.518091,1,2,3768.57,3768.5,3765.83,3773.49,3768.72,3771.06,3773.28,3773.22,3773.63,3768.46,3772.22,3770.93,3772.19,3773.8,3774.48,3203.82,3192.96,3200.86,3202.84,3192.79,3201.79,3204.68,3199.31,3201.17,3200.48,3187.79,3198.18,3200.72,3205.15,3211.58,3214.39,3190.55,3197.26,3203.38,3210.88,3201.65,3201.65,3187.83,3202.48,3207.91,3199.93,170.25,180.71,186.54,183.1,186.5,181.32,188.02,192.84,198.65,219.84,211.97,177.69,184.65,195.17,187.25,192.53,198.52,211.74,3134.07,3129.78,3132.22,3136.75,3130.46,3136.57,3121.96,3123.28,3135.96,3132.97,3127.09,3135.86,3136.5,3141.91,3122.46,3142,3136.26,1991.57,2001.22,1994.79,1991.94,2003.03,1997.8,1992.34,1992.05,1983.97,1995.26,1992.34,1994.46,3719.04,3713.3,3717.25,3635.38,3716.07,3721.06,3722.61,3720.49,3716.66,3719.56,3722.74,6.22,4.42,3.63,3,0,3.34,4.48
104,Chevron,Chevron_SM_03,Santa Monica,USA,34.014418,-118.485733,2,1,3765.52,3765.44,3762.77,3770.43,3765.66,3768,3770.22,3770.16,3770.57,3765.4,3769.17,3767.87,3769.14,3770.75,3771.42,3201.66,3190.79,3198.69,3200.67,3190.62,3199.62,3202.51,3197.13,3198.99,3198.3,3185.61,3196,3198.54,3202.97,3209.39,3212.21,3188.37,3195.07,3201.19,3208.7,3199.48,3199.48,3185.65,3200.3,3205.73,3197.74,167.07,177.52,183.36,179.96,183.36,178.22,184.95,189.74,195.55,216.72,208.93,174.47,181.5,191.98,184.16,189.4,195.42,208.65,3131.38,3127.08,3129.52,3134.05,3127.76,3133.87,3119.26,3120.57,3133.26,3130.28,3124.39,3133.17,3133.8,3139.22,3119.76,3139.3,3133.55,1988.45,1998.1,1991.67,1988.8,1999.91,1994.67,1989.21,1988.92,1980.85,1992.14,1989.21,1991.33,3716.78,3711.05,3715,3633.12,3713.81,3718.8,3720.35,3718.22,3714.41,3717.3,3720.48,4.48,1.86,0.31,1.06,3.34,0,1.17
105,Arco,Arco_SM_01,Santa Monica,USA,34.007362,-118.476378,2,1,3764.62,3764.54,3761.87,3769.53,3764.76,3767.1,3769.32,3769.26,3769.67,3764.5,3768.27,3766.97,3768.24,3769.84,3770.52,3201.17,3190.3,3198.2,3200.18,3190.12,3199.12,3202.02,3196.63,3198.5,3197.81,3185.12,3195.5,3198.04,3202.47,3208.89,3211.71,3187.87,3194.57,3200.69,3208.2,3198.99,3198.99,3185.15,3199.8,3205.23,3197.23,165.91,176.35,182.19,178.8,182.2,177.06,183.79,188.58,194.39,215.56,207.77,173.3,180.34,190.81,183,188.24,194.26,207.49,3130.66,3126.36,3128.8,3133.32,3127.03,3133.15,3118.53,3119.84,3132.53,3129.56,3123.67,3132.44,3133.07,3138.5,3119.03,3138.57,3132.82,1987.51,1997.16,1990.72,1987.86,1998.96,1993.72,1988.26,1987.97,1979.92,1991.2,1988.27,1990.38,3716.26,3710.52,3714.47,3632.59,3713.28,3718.27,3719.82,3717.69,3713.88,3716.78,3719.94,4.65,2.07,0.86,2.04,4.48,1.17,0
106,Arco,Arco_SM_02,Santa Monica,USA,34.009497,-118.487278,1,2,3765.63,3765.56,3762.89,3770.55,3765.77,3768.12,3770.34,3770.28,3770.69,3765.51,3769.28,3767.99,3769.25,3770.86,3771.53,3202,3191.13,3199.03,3201.01,3190.96,3199.96,3202.85,3197.47,3199.33,3198.64,3185.95,3196.34,3198.88,3203.31,3209.73,3212.55,3188.71,3195.41,3201.53,3209.04,3199.82,3199.82,3185.99,3200.64,3206.07,3198.07,166.78,177.24,183.07,179.65,183.06,177.9,184.62,189.42,195.23,216.41,208.59,174.2,181.2,191.7,183.83,189.09,195.1,208.33,3131.61,3127.31,3129.75,3134.28,3127.99,3134.1,3119.49,3120.8,3133.48,3130.52,3124.62,3133.4,3134.02,3139.45,3119.98,3139.53,3133.78,1988.53,1998.18,1991.75,1988.88,1999.99,1994.75,1989.28,1988.99,1980.94,1992.22,1989.29,1991.4,3717.11,3711.38,3715.32,3633.44,3714.14,3719.12,3720.68,3718.55,3714.74,3717.63,3720.8,4.99,2.35,0.48,1.61,3.51,0.57,1.03
